"","X","AlertCategory","NetworkEventType","NetworkInteractionType","DataTransferVolume_IN","DataTransferVolume_OUT","TransactionsPerSession","NetworkAccessFrequency","UserActivityLevel","SessionIntegrityCheck","ResourceUtilizationFlag","SecurityRiskLevel","ResponseTime","Classification"
"234888",244649,"Alert","PolicyViolation","Elevated",134241943,202483848,44439,27383,6,FALSE,FALSE,176939602,35.37844,"Normal"
"463893",483197,"Informational","NormalOperation","Suspicious",121561187,149777618,32891,NA,5,TRUE,FALSE,123463800,26.19877,"Normal"
"57066",59417,"Alert","PolicyViolation","Suspicious",124413079,154547146,34760,29793,6,FALSE,FALSE,172763053,33.50055,"Normal"
"228997",238525,"Warning","PolicyViolation","Anomalous",132079068,137821995,30332,33134,5,FALSE,FALSE,103376294,22.7388,"Normal"
"231886",241540,"Warning","Policy_Violation","Anomalous",140337266,143576952,32917,28415,6,FALSE,FALSE,168267722,40.2512,"Normal"
"357966",372940,"Warning","Policy_Violation","Suspicious",130041689,193746537,42886,38921,6,FALSE,FALSE,90469285,27.81236,"Normal"
"487865",508187,"Warning","PolicyViolation","Suspicious",123346203,168068148,37020,49108,5,TRUE,FALSE,141319646,29.25099,"Normal"
"151164",157400,"Warning","PolicyViolation","Suspicious",125501791,163431428,36618,41113,6,TRUE,FALSE,119515367,22.72647,"Normal"
"99326",103356,"Warning","PolicyViolation","Anomalous",142085773,111845712,27728,38629,5,FALSE,FALSE,94197632,24.29136,"Normal"
"336838",350883,"Warning","PolicyViolation","Critical",136057566,77844110,21868,28000,7,FALSE,FALSE,186102182,31.14158,"Normal"
"3927",4088,"Warning","Policy_Violation","Suspicious",128182645,170746061,38673,45060,6,FALSE,FALSE,119955121,22.32247,"Normal"
"362974",378158,"Warning","PolicyViolation","Anomalous",139692895,148264728,33211,35824,5,TRUE,FALSE,168506363,19.627,"Normal"
"508606",529826,"Warning","PolicyViolation","Suspicious",122490791,175904569,38098,45999,6,FALSE,FALSE,178588777,14.85058,"Normal"
"89484",93141,"Warning","NormalOperation","Critical",122822068,93721585,23797,43708,7,FALSE,FALSE,125453384,25.45774,"Normal"
"266871",277959,"Warning","PolicyViolation","Suspicious",121818940,151627738,34883,41041,6,FALSE,FALSE,140948111,25.80428,"Normal"
"294207",306414,"Warning","PolicyViolation","Elevated",122632373,198107246,42050,37684,5,TRUE,TRUE,117377880,NA,"Normal"
"525896",547804,"Warning","PolicyViolation","Anomalous",131564106,155629085,34513,35074,6,FALSE,FALSE,165160667,NA,"Normal"
"48100",50074,"Warning","PolicyViolation","Critical",122057024,61168970,15447,35067,5,FALSE,FALSE,130853884,25.80084,"Normal"
"488631",508988,"Warning","Policy_Violation","Suspicious",130739465,173116495,38329,45291,6,TRUE,FALSE,119440910,32.10232,"Normal"
"24439",25450,"Warning","ThreatDetected","Anomalous",123331484,125416432,28425,38797,6,FALSE,FALSE,142145895,37.71623,"Normal"
"312142",325099,"Warning","ThreatDetected","Elevated",128312605,204563347,45031,22890,6,FALSE,FALSE,173111024,25.04262,"Normal"
"340815",355056,"Informational","Policy_Violation","Anomalous",124608469,125121769,27967,46905,5,FALSE,FALSE,197240269,26.16757,"Normal"
"325423",338982,"Warning","NormalOperation","Anomalous",122684249,119335980,28387,36776,6,FALSE,FALSE,158827237,41.63412,"Normal"
"111879",116447,"Warning","PolicyViolation","Anomalous",133171439,157212242,37462,29046,8,TRUE,FALSE,154784827,28.40499,"Normal"
"49692",51735,"Warning","NormalOperation","Suspicious",132004108,175569656,39029,39574,6,FALSE,FALSE,93927940,NA,"Normal"
"220093",229278,"Warning","PolicyViolation","Suspicious",125997238,174082700,37200,NA,5,TRUE,TRUE,198977849,24.36175,"Normal"
"502929",523911,"Warning","Policy_Violation","Elevated",138333180,207205530,46158,37957,6,FALSE,FALSE,129692723,31.29265,"Normal"
"349373",364008,"Warning","PolicyViolation","Anomalous",119771203,119330597,28677,36743,6,TRUE,FALSE,107039642,42.46475,"Normal"
"466656",486069,"Warning","NormalOperation","Suspicious",134191721,196000211,42533,34477,5,FALSE,FALSE,128076641,29.41591,"Normal"
"329199",342926,"Warning","PolicyViolation","Anomalous",133477415,141242500,32283,36873,6,FALSE,FALSE,133205320,34.89646,"Normal"
"398668",415294,"Warning","ThreatDetected","Anomalous",138374440,66828400,23159,41831,6,TRUE,FALSE,89824368,29.80536,"Normal"
"322342",335745,"Warning","PolicyViolation","Critical",120335325,105323558,22586,30252,5,FALSE,FALSE,181068580,33.11982,"Normal"
"23354",24312,"Warning","PolicyViolation","Anomalous",124262978,137729604,29025,41996,4,FALSE,TRUE,148066327,31.47864,"Normal"
"195527",203685,"Warning","Policy_Violation","Elevated",140125031,210875675,46259,27432,6,TRUE,FALSE,182191724,31.41985,"Normal"
"239721",249671,"Informational","PolicyViolation","Suspicious",131603075,187473702,41855,35625,6,FALSE,FALSE,105373580,38.74453,"Normal"
"210428",219184,"Warning","PolicyViolation","Suspicious",137622634,148731800,34714,34704,6,TRUE,FALSE,168604743,23.74691,"Normal"
"245231",255410,"Warning","Policy_Violation","Suspicious",131882435,165332154,37261,34868,6,TRUE,FALSE,176617231,NA,"Normal"
"30201",31450,"Warning","PolicyViolation","Anomalous",133998135,100347562,26415,27692,5,FALSE,FALSE,146067434,37.63372,"Normal"
"414803",432095,"Warning","Policy_Violation","Suspicious",128581772,162230673,35138,33129,5,FALSE,FALSE,103943668,30.40071,"Normal"
"535839",558158,"Warning","PolicyViolation","Suspicious",130724695,170945842,37251,34565,5,FALSE,FALSE,179125305,30.31849,"Normal"
"26203",27294,"Warning","PolicyViolation","Anomalous",128793535,128998990,29058,19382,5,TRUE,FALSE,177646367,34.11706,"Normal"
"239618",249560,"Warning","Policy_Violation","Suspicious",131483562,163373076,35318,38319,5,FALSE,FALSE,140125592,30.67471,"Normal"
"304918",317554,"Alert","PolicyViolation","Anomalous",129171261,134515712,30000,25683,5,FALSE,FALSE,163272029,NA,"Normal"
"200237",208586,"Warning","Policy_Violation","Suspicious",121499373,143041039,32268,48033,5,FALSE,FALSE,211509495,21.93428,"Normal"
"239595",249536,"Warning","PolicyViolation","Suspicious",129157609,168246908,35861,33213,5,TRUE,FALSE,183655189,37.28067,"Normal"
"130785",136146,"Warning","ThreatDetected","Anomalous",131115692,140200078,33067,26815,7,TRUE,FALSE,151442244,29.95141,"Normal"
"539316",561765,"Warning","PolicyViolation","Suspicious",131683330,195904062,44115,30197,7,TRUE,FALSE,106507747,39.07955,"Normal"
"128204",133464,"Warning","Policy_Violation","Suspicious",130038615,176769314,39716,NA,6,TRUE,FALSE,133020574,23.9411,"Normal"
"232036",241694,"Alert","Policy_Violation","Anomalous",124967111,116668531,26167,33871,6,TRUE,FALSE,160420260,34.80261,"Normal"
"162840",169575,"Warning","PolicyViolation","Suspicious",131693892,176868527,38988,40856,6,FALSE,FALSE,164768580,22.8113,"Normal"
"473248",492936,"Warning","PolicyViolation","Suspicious",126660634,157068767,34864,NA,5,TRUE,FALSE,164777138,28.72554,"Normal"
"524087",545923,"Alert","PolicyViolation","Suspicious",133851725,158140761,34505,32977,5,TRUE,FALSE,152972574,NA,"Normal"
"197565",205802,"Warning","PolicyViolation","Suspicious",134606499,165044051,37866,NA,7,TRUE,FALSE,122911454,22.33359,"Normal"
"493206",513767,"Warning","NormalOperation","Anomalous",133851027,140342627,32506,37165,6,TRUE,FALSE,90873218,NA,"Normal"
"168448",175427,"Warning","PolicyViolation","Elevated",138289564,191757701,43728,34151,6,FALSE,FALSE,179110359,39.22073,"Normal"
"4736",4932,"Warning","PolicyViolation","Anomalous",146903986,128290287,29612,37105,6,TRUE,FALSE,119122356,NA,"Normal"
"296324",308629,"Warning","PolicyViolation","Suspicious",124032884,154535028,32922,45560,4,TRUE,TRUE,144440531,31.21773,"Normal"
"163449",170208,"Warning","PolicyViolation","Anomalous",131506310,137487620,30322,31164,5,TRUE,FALSE,148935358,32.69133,"Normal"
"109374",113832,"Warning","ThreatDetected","Elevated",131624950,210396563,45251,24783,5,FALSE,FALSE,164398862,20.18502,"Normal"
"474334",494080,"Alert","Policy_Violation","Anomalous",134459207,140879181,32273,27178,6,FALSE,FALSE,116877388,27.83005,"Normal"
"407683",424673,"Alert","Policy_Violation","Suspicious",160765906,73041200,25375,34392,6,FALSE,FALSE,127783127,25.49272,"Normal"
"492241",512746,"Warning","PolicyViolation","Suspicious",136979327,90348685,26171,26891,6,TRUE,FALSE,166013195,15.73074,"Normal"
"259433",270205,"Warning","PolicyViolation","Anomalous",120709277,100684470,22832,39796,5,FALSE,FALSE,215833839,31.74915,"Normal"
"337375",351441,"Warning","PolicyViolation","Suspicious",124504741,164018043,35023,NA,4,TRUE,TRUE,143257437,NA,"Normal"
"43252",45035,"Warning","PolicyViolation","Anomalous",140018280,85688395,24381,35061,5,TRUE,FALSE,160712924,34.49136,"Normal"
"178117",185521,"Warning","PolicyViolation","Critical",129949855,90113811,20028,47867,4,FALSE,FALSE,155639697,27.11188,"Normal"
"286584",298493,"Warning","ThreatDetected","Suspicious",147862993,93564021,26841,36315,6,TRUE,FALSE,133425745,32.42585,"Normal"
"160815",167458,"Alert","PolicyViolation","Suspicious",130341179,147942906,32855,34011,5,TRUE,FALSE,180470240,34.83998,"Normal"
"169461",176479,"Warning","ThreatDetected","Anomalous",122888356,146314477,31289,38535,5,FALSE,FALSE,164901181,32.97977,"Normal"
"72341",75297,"Warning","Policy_Violation","Anomalous",140023881,143496631,32113,24771,6,FALSE,FALSE,140754542,33.67873,"Normal"
"293805",305985,"Warning","PolicyViolation","Elevated",141321575,223628408,51844,36543,8,TRUE,FALSE,213839940,35.62153,"Normal"
"38901",40502,"Warning","Policy_Violation","Anomalous",127282323,130399518,30674,25456,6,TRUE,FALSE,134281515,29.32111,"Normal"
"30695",31958,"Warning","PolicyViolation","Anomalous",129068883,120936151,26698,29865,5,TRUE,FALSE,155592764,NA,"Normal"
"292450",304584,"Warning","PolicyViolation","Anomalous",145411348,166114805,37657,44229,6,FALSE,FALSE,142020971,34.09078,"Normal"
"122263",127266,"Warning","PolicyViolation","Suspicious",132268590,158201108,33941,39296,5,FALSE,FALSE,147582523,28.50449,"Normal"
"429294",447216,"Warning","Policy_Violation","Anomalous",131486405,141370787,31928,18019,5,TRUE,FALSE,206101911,32.76552,"Normal"
"541545",564088,"Warning","PolicyViolation","Suspicious",123075169,163666300,35504,37937,5,FALSE,FALSE,101863350,17.129,"Normal"
"125615",130763,"Warning","Policy_Violation","Anomalous",134077485,105133201,25440,32070,6,TRUE,FALSE,176555995,29.44786,"Normal"
"38188",39759,"Warning","PolicyViolation","Anomalous",132543018,141746481,30630,33384,5,TRUE,FALSE,182387686,24.92959,"Normal"
"422659",440319,"Alert","PolicyViolation","Anomalous",133836321,115183353,26832,40893,6,FALSE,FALSE,137205005,30.52644,"Normal"
"214501",223426,"Warning","Policy_Violation","Suspicious",138840349,167704851,38583,17103,6,TRUE,FALSE,183826128,25.18585,"Normal"
"112869",117484,"Warning","Policy_Violation","Suspicious",129185891,184901222,39933,44220,5,FALSE,TRUE,136393245,16.5507,"Normal"
"285364",297220,"Informational","Policy_Violation","Suspicious",130172177,178986784,39044,29076,5,TRUE,FALSE,131755537,31.32504,"Normal"
"403340",420159,"Warning","PolicyViolation","Suspicious",133089364,150342293,34949,25093,6,FALSE,FALSE,167668508,37.09836,"Normal"
"58467",60861,"Warning","Policy_Violation","Suspicious",137734339,197645753,45740,35373,8,TRUE,FALSE,161439070,30.90373,"Normal"
"6009",6261,"Alert","PolicyViolation","Elevated",132529259,209197200,46789,33152,6,FALSE,FALSE,149057264,28.50192,"Normal"
"165556",172407,"Informational","PolicyViolation","Critical",131555579,88525119,21986,39071,6,FALSE,FALSE,136354806,29.36945,"Normal"
"233957",243689,"Warning","PolicyViolation","Anomalous",125674781,124029940,26164,28660,4,TRUE,TRUE,195398056,NA,"Normal"
"194377",202488,"Warning","Policy_Violation","Anomalous",136872355,97367598,25265,42819,5,TRUE,FALSE,222544833,18.44458,"Normal"
"439730",458075,"Warning","NormalOperation","Anomalous",132916699,134937588,31120,27806,6,TRUE,FALSE,218604666,32.52333,"Normal"
"494951",515581,"Warning","NormalOperation","Anomalous",139006206,150460866,34535,44068,6,TRUE,FALSE,178354174,34.59024,"Normal"
"363849",379060,"Warning","NormalOperation","Suspicious",127347668,184537129,38389,42231,4,FALSE,TRUE,151996234,19.60178,"Normal"
"143906",149829,"Alert","PolicyViolation","Suspicious",129802252,172752588,38248,31214,6,FALSE,FALSE,150977129,21.09611,"Normal"
"111484",116037,"Warning","PolicyViolation","Suspicious",130828650,160410249,36287,28532,6,FALSE,FALSE,136293594,30.69144,"Normal"
"158246",164779,"Warning","PolicyViolation","Anomalous",88104105,116489367,25180,37198,6,FALSE,TRUE,201186898,31.54035,"Normal"
"200078",208420,"Warning","PolicyViolation","Anomalous",133595201,144873951,32791,32527,6,TRUE,FALSE,160862766,24.15756,"Normal"
"463599",482886,"Warning","Policy_Violation","Suspicious",125617664,164957575,36960,33530,6,TRUE,FALSE,174231970,NA,"Normal"
"50800",52882,"Warning","ThreatDetected","Anomalous",130195586,150194180,31584,41126,5,TRUE,FALSE,151879193,27.68502,"Normal"
"450365",469150,"Warning","ThreatDetected","Anomalous",128381682,146422033,31617,33320,5,TRUE,FALSE,154129469,31.83591,"Normal"
"5456",5683,"Warning","PolicyViolation","Suspicious",122620690,162073416,34894,34968,5,TRUE,TRUE,120888347,36.45888,"Normal"
"224684",234036,"Warning","PolicyViolation","Elevated",134325008,201910439,43381,24921,5,TRUE,FALSE,168536615,34.91682,"Normal"
"101791",105920,"Warning","Policy_Violation","Anomalous",134453557,148295210,35520,21432,7,FALSE,FALSE,167372959,30.12454,"Normal"
"2622",2725,"Warning","PolicyViolation","Anomalous",125918450,153767189,33176,36473,5,FALSE,FALSE,141360594,27.79757,"Normal"
"418901",436403,"Warning","PolicyViolation","Anomalous",120951719,147270119,31197,37228,5,TRUE,TRUE,148717206,22.74735,"Normal"
"106704",111051,"Warning","PolicyViolation","Anomalous",125146510,147887518,30483,30986,4,FALSE,TRUE,106791379,20.67283,"Normal"
"413207",430429,"Warning","PolicyViolation","Anomalous",137475608,141476257,31620,41102,5,TRUE,FALSE,169899884,25.92811,"Normal"
"397908",414512,"Warning","PolicyViolation","Anomalous",121939407,146894323,30719,36595,4,FALSE,TRUE,169590812,22.32097,"Normal"
"214050",222955,"Warning","PolicyViolation","Suspicious",130471008,173256956,37844,26518,6,TRUE,FALSE,168033317,27.76544,"Normal"
"311059",323976,"Warning","PolicyViolation","Suspicious",134213957,170822701,39256,36553,6,TRUE,FALSE,125880548,41.47037,"Normal"
"147598",153694,"Warning","PolicyViolation","Critical",127204629,90718704,20429,37177,5,TRUE,FALSE,158496728,18.87014,"Normal"
"20564",21393,"Warning","Policy_Violation","Suspicious",129798481,163222043,35155,35503,5,TRUE,FALSE,121750532,18.99122,"Normal"
"89835",93502,"Warning","Policy_Violation","Suspicious",127681005,146157729,33903,29523,6,FALSE,FALSE,123152594,42.57814,"Normal"
"252207",262702,"Warning","Policy_Violation","Suspicious",137507154,160392531,35732,26400,5,TRUE,FALSE,159878307,28.67284,"Normal"
"425133",442890,"Warning","PolicyViolation","Anomalous",137844063,127255245,30981,32889,6,TRUE,FALSE,145616081,19.81717,"Normal"
"411567",428724,"Warning","Policy_Violation","Suspicious",129325148,177464103,38612,27066,5,TRUE,TRUE,224726857,26.19014,"Normal"
"160090",166702,"Warning","Policy_Violation","Suspicious",130771889,188623238,40759,44917,5,FALSE,FALSE,185703281,26.26869,"Normal"
"41055",42748,"Warning","Policy_Violation","Anomalous",131722867,125652140,28041,36732,5,FALSE,FALSE,118253140,21.76546,"Normal"
"506328",527452,"Warning","PolicyViolation","Suspicious",126434953,154653914,36261,29755,6,FALSE,FALSE,150097291,41.0629,"Normal"
"264749",275752,"Warning","PolicyViolation","Critical",129506398,98190666,22708,34559,5,FALSE,FALSE,112770754,NA,"Normal"
"218569",227699,"Warning","PolicyViolation","Anomalous",129984936,146039983,31608,25919,5,FALSE,FALSE,115378222,37.70819,"Normal"
"85875",89396,"Warning","PolicyViolation","Anomalous",129194067,139208171,31205,31208,6,FALSE,FALSE,178798564,30.01101,"Normal"
"43795",45597,"Informational","Policy_Violation","Elevated",128680204,194690763,43388,32233,6,TRUE,FALSE,143208835,24.84782,"Normal"
"88827",92461,"Warning","Policy_Violation","Anomalous",129287394,150298462,34405,27215,6,TRUE,FALSE,162696519,20.77489,"Normal"
"512986",534381,"Warning","PolicyViolation","Anomalous",129171154,147403860,33244,51118,6,FALSE,FALSE,124044783,24.74326,"Normal"
"316216",329345,"Warning","PolicyViolation","Anomalous",123206667,104706842,24101,25772,5,FALSE,FALSE,167322740,29.80598,"Normal"
"184239",191909,"Warning","PolicyViolation","Suspicious",130270835,165834312,37758,29602,6,FALSE,FALSE,174366856,34.24846,"Normal"
"237988",247877,"Informational","Policy_Violation","Suspicious",135195367,188399285,42105,39468,6,FALSE,FALSE,209632420,23.63837,"Normal"
"202168",210606,"Warning","NormalOperation","Anomalous",135151920,160151479,35523,28358,6,TRUE,FALSE,135997942,34.59026,"Normal"
"112751",117358,"Warning","Policy_Violation","Suspicious",121928846,183155290,38694,26228,4,TRUE,TRUE,108033024,31.94566,"Normal"
"216368",225378,"Warning","PolicyViolation","Suspicious",127004833,134606014,31602,31517,6,FALSE,FALSE,142533096,35.70105,"Normal"
"502991",523973,"Warning","Policy_Violation","Anomalous",140238663,123008934,28729,39307,6,TRUE,FALSE,149625562,28.66787,"Normal"
"208039",216694,"Warning","PolicyViolation","Anomalous",126532164,104780581,23477,28635,5,TRUE,FALSE,100808154,24.15482,"Normal"
"539999",562473,"Warning","PolicyViolation","Suspicious",132392634,155091060,34474,24441,5,FALSE,FALSE,154377173,23.63122,"Normal"
"457183",476226,"Alert","Policy_Violation","Anomalous",142967163,118621449,26677,24347,5,TRUE,FALSE,180194318,36.86606,"Normal"
"152907",159227,"Warning","NormalOperation","Suspicious",119724694,170252731,36433,28365,5,FALSE,TRUE,174871165,27.53983,"Normal"
"143435",149340,"Warning","PolicyViolation","Suspicious",108615059,125105544,33054,NA,8,TRUE,FALSE,84545016,25.01599,"Normal"
"214628",223558,"Warning","PolicyViolation","Anomalous",127936678,155092014,35392,26908,6,FALSE,FALSE,100728687,NA,"Normal"
"385798",401921,"Warning","PolicyViolation","Suspicious",138854811,171900295,39367,44335,6,FALSE,FALSE,95074760,22.75872,"Normal"
"7105",7400,"Warning","PolicyViolation","Suspicious",137703988,192411244,41718,28378,5,FALSE,FALSE,165097768,18.48627,"Normal"
"432814",450873,"Warning","PolicyViolation","Suspicious",133389437,172317432,38409,35683,6,TRUE,FALSE,85714457,28.68657,"Normal"
"24189",25187,"Warning","Policy_Violation","Suspicious",125983866,144100199,28907,27788,3,FALSE,TRUE,175198389,36.33476,"Normal"
"354938",369793,"Warning","PolicyViolation","Anomalous",128428210,138613272,31033,26728,6,TRUE,FALSE,100873074,NA,"Normal"
"89946",93615,"Warning","PolicyViolation","Elevated",129603218,188965340,43565,30120,6,TRUE,FALSE,137098246,34.36311,"Normal"
"521726",543461,"Warning","Policy_Violation","Suspicious",128861380,159822376,34789,41426,5,FALSE,FALSE,126407156,25.85512,"Normal"
"195992",204169,"Warning","PolicyViolation","Suspicious",133894941,184798576,42161,31910,6,TRUE,FALSE,172170741,33.51898,"Normal"
"128504",133771,"Warning","NormalOperation","Anomalous",126489623,121617032,27062,37198,5,FALSE,FALSE,150122046,37.91968,"Normal"
"459853",478999,"Warning","PolicyViolation","Suspicious",136753010,177250662,38979,39575,5,TRUE,FALSE,221246072,26.09387,"Normal"
"432247",450284,"Warning","ThreatDetected","Suspicious",107461304,116517920,29120,37684,7,FALSE,FALSE,180569452,37.46658,"Normal"
"147848",153947,"Warning","PolicyViolation","Anomalous",130499486,116667035,25329,26253,4,FALSE,FALSE,127229140,31.95755,"Normal"
"73784",76790,"Warning","PolicyViolation","Anomalous",133598399,130979358,27521,34045,4,TRUE,TRUE,156325490,34.44466,"Normal"
"153881",160228,"Warning","Policy_Violation","Anomalous",129884614,119979959,26281,30436,5,TRUE,FALSE,130954525,38.21932,"Normal"
"470695",490267,"Warning","PolicyViolation","Anomalous",130623591,133663560,27601,35543,3,FALSE,TRUE,160683544,26.49315,"Normal"
"143485",149391,"Warning","PolicyViolation","Anomalous",129958880,124537821,27581,50514,5,FALSE,FALSE,174748394,27.09189,"Normal"
"459791",478936,"Warning","Policy_Violation","Suspicious",135444402,195590997,43772,42427,6,FALSE,FALSE,168654327,23.73517,"Normal"
"273659",285012,"Warning","PolicyViolation","Suspicious",129208096,195162522,44822,39268,7,FALSE,FALSE,152628325,25.10381,"Normal"
"74021",77042,"Warning","ThreatDetected","Suspicious",125511057,186243210,41600,37520,6,TRUE,FALSE,131495704,28.55423,"Normal"
"254273",264846,"Warning","NormalOperation","Critical",129993152,94095329,22487,41560,6,TRUE,FALSE,135301962,34.74657,"Normal"
"279281",290874,"Warning","PolicyViolation","Anomalous",135139472,127296640,28638,20508,5,TRUE,FALSE,135967621,21.74655,"Normal"
"535237",557543,"Warning","ThreatDetected","Elevated",130544884,194519731,43060,36977,6,TRUE,FALSE,190005929,22.32872,"Normal"
"11786",12268,"Warning","PolicyViolation","Anomalous",138736203,97199809,22792,41322,5,TRUE,FALSE,152024053,23.2193,"Normal"
"466617",486028,"Warning","PolicyViolation","Anomalous",121304000,121552599,28195,18986,5,FALSE,FALSE,120866454,23.99021,"Normal"
"295812",308100,"Warning","PolicyViolation","Anomalous",130711689,135748892,28499,NA,4,FALSE,TRUE,178139151,39.08908,"Normal"
"39586",41214,"Warning","PolicyViolation","Suspicious",124200622,171130791,37525,38864,6,TRUE,FALSE,138838580,26.07906,"Normal"
"523590",545410,"Warning","NormalOperation","Anomalous",128150468,155366181,34407,19619,6,TRUE,FALSE,147816097,27.89261,"Normal"
"347763",362331,"Alert","Policy_Violation","Suspicious",124264375,179671348,38586,32597,5,FALSE,TRUE,152740867,NA,"Normal"
"42860",44627,"Warning","ThreatDetected","Suspicious",140143946,154494546,35215,31602,6,TRUE,FALSE,122626648,28.5863,"Normal"
"431696",449711,"Warning","Policy_Violation","Anomalous",122798575,117201018,27644,30760,6,FALSE,FALSE,128075930,32.45803,"Normal"
"272923",284256,"Warning","Policy_Violation","Suspicious",132311537,190960354,40732,42179,5,TRUE,FALSE,160847737,30.02002,"Normal"
"173331",180517,"Warning","ThreatDetected","Anomalous",135365477,137449929,31752,38311,6,TRUE,FALSE,134826594,31.25253,"Normal"
"469761",489302,"Warning","PolicyViolation","Suspicious",124331865,168941129,36566,29910,5,FALSE,TRUE,217942478,24.92664,"Normal"
"309807",322667,"Alert","Policy_Violation","Suspicious",128184935,136988115,33063,NA,7,TRUE,FALSE,86497859,31.63923,"Normal"
"312459",325425,"Warning","NormalOperation","Suspicious",137284162,161944474,35768,36161,5,TRUE,FALSE,132627320,21.58841,"Normal"
"514385",535833,"Informational","ThreatDetected","Anomalous",126288499,125667395,28405,40110,6,FALSE,FALSE,163066384,29.42047,"Normal"
"314364",327415,"Warning","PolicyViolation","Suspicious",179862348,94288186,25888,32868,4,FALSE,FALSE,163817277,27.87444,"Normal"
"90889",94589,"Warning","ThreatDetected","Anomalous",125497173,151670917,35351,33139,7,FALSE,FALSE,172892445,34.42224,"Normal"
"216265",225273,"Informational","Policy_Violation","Anomalous",135619842,115856367,26453,37948,6,FALSE,FALSE,142787343,27.46815,"Normal"
"6306",6572,"Warning","PolicyViolation","Anomalous",125346646,106846916,23487,36903,4,FALSE,FALSE,139505942,29.67187,"Normal"
"434328",452440,"Alert","Policy_Violation","Anomalous",123194741,114827698,26677,NA,6,TRUE,FALSE,113624627,31.586,"Normal"
"454540",473489,"Warning","ThreatDetected","Critical",125640797,85468118,19895,36375,5,TRUE,FALSE,156210162,31.39845,"Normal"
"152897",159215,"Warning","PolicyViolation","Anomalous",124688746,138853635,29514,36007,4,FALSE,TRUE,199740359,31.81542,"Normal"
"279987",291604,"Warning","Policy_Violation","Suspicious",125077432,141896012,32746,37432,6,FALSE,FALSE,128146118,33.36427,"Normal"
"6100",6357,"Warning","PolicyViolation","Suspicious",165994235,75344019,25335,36991,6,TRUE,FALSE,119308664,25.02494,"Normal"
"41891",43623,"Warning","PolicyViolation","Suspicious",131618062,142402325,30990,36339,4,TRUE,FALSE,161233877,32.12708,"Normal"
"82952",86356,"Warning","PolicyViolation","Anomalous",133983053,130290869,29939,35081,6,FALSE,FALSE,127251636,26.82644,"Normal"
"280104",291726,"Informational","PolicyViolation","Anomalous",126147719,151713306,31313,31248,4,FALSE,TRUE,140050485,39.43712,"Normal"
"101519",105636,"Warning","Policy_Violation","Anomalous",139029478,145563926,31315,39367,4,FALSE,FALSE,159648832,25.18458,"Normal"
"465554",484927,"Warning","ThreatDetected","Anomalous",118882325,129830193,27848,35262,5,FALSE,TRUE,162216425,29.74218,"Normal"
"503226",524216,"Warning","PolicyViolation","Suspicious",129031643,146632856,32434,46585,5,FALSE,FALSE,115988470,30.96107,"Normal"
"270763",282000,"Warning","PolicyViolation","Anomalous",132436512,146763875,34244,35057,7,TRUE,FALSE,122567547,27.93495,"Normal"
"345053",359487,"Warning","PolicyViolation","Suspicious",139061792,174043462,39931,44239,6,TRUE,FALSE,149357593,36.07895,"Normal"
"154540",160917,"Warning","Policy_Violation","Critical",126542141,68918175,14889,27850,4,TRUE,FALSE,176001248,23.19803,"Normal"
"535139",557441,"Warning","Policy_Violation","Suspicious",135334372,188658984,43468,30368,7,TRUE,FALSE,149926957,24.69158,"Normal"
"256988",267672,"Warning","PolicyViolation","Critical",128320143,108409411,24300,25306,5,TRUE,FALSE,208515718,33.46984,"Normal"
"349981",364641,"Alert","Policy_Violation","Suspicious",134088768,170014123,37302,39447,5,TRUE,FALSE,167585486,36.80379,"Normal"
"536163",558490,"Warning","Policy_Violation","Elevated",140452753,218130666,48776,29707,6,TRUE,FALSE,175781322,31.14516,"Normal"
"351855",366588,"Warning","Policy_Violation","Anomalous",134158914,149923911,33497,41389,6,TRUE,FALSE,112502890,31.56955,"Normal"
"211234",220016,"Warning","PolicyViolation","Anomalous",140638158,142521105,33134,40518,6,TRUE,FALSE,141864426,NA,"Normal"
"66953",69691,"Warning","PolicyViolation","Anomalous",129703073,121697523,28969,28390,7,FALSE,FALSE,80185921,34.46285,"Normal"
"196431",204625,"Warning","ThreatDetected","Anomalous",110153126,111563262,27719,22902,6,FALSE,FALSE,122219698,36.12083,"Normal"
"218400",227520,"Warning","Policy_Violation","Suspicious",138051445,204203475,43595,27972,5,FALSE,FALSE,176603687,26.21027,"Normal"
"190886",198847,"Alert","PolicyViolation","Suspicious",123936046,176105611,37878,33729,5,TRUE,FALSE,154053962,31.05503,"Normal"
"496698",517405,"Warning","PolicyViolation","Suspicious",128036839,162008208,35830,27977,5,TRUE,FALSE,191641563,29.82176,"Normal"
"78365",81560,"Warning","PolicyViolation","Suspicious",126659441,165258410,37686,27347,6,TRUE,FALSE,199989697,27.16617,"Normal"
"134139",139639,"Warning","PolicyViolation","Suspicious",124250058,168336704,35754,30774,4,TRUE,TRUE,112892481,16.05849,"Normal"
"279504",291104,"Warning","ThreatDetected","Anomalous",123866867,104879732,23684,28436,4,FALSE,TRUE,126354251,31.19835,"Normal"
"333475",347368,"Warning","ThreatDetected","Suspicious",124954629,149222191,33753,35797,6,TRUE,FALSE,125161584,28.37685,"Normal"
"268547",279701,"Warning","PolicyViolation","Anomalous",121943640,121595138,28007,36351,6,TRUE,FALSE,103576387,24.88768,"Normal"
"212003",220815,"Warning","NormalOperation","Anomalous",128582847,134250628,28570,26343,4,FALSE,TRUE,191424649,29.52053,"Normal"
"305625",318302,"Warning","PolicyViolation","Suspicious",156432453,110021932,28104,38357,5,TRUE,FALSE,193218427,30.67188,"Normal"
"223909",233218,"Warning","Policy_Violation","Anomalous",132978214,109267972,25873,28869,6,FALSE,FALSE,177868545,NA,"Normal"
"181128",188662,"Warning","PolicyViolation","Anomalous",135720754,133847811,29105,30143,5,FALSE,FALSE,165210439,28.3191,"Normal"
"449215",467950,"Warning","PolicyViolation","Anomalous",132871769,141448176,31836,26045,6,TRUE,FALSE,157423016,30.97443,"Normal"
"345958",360434,"Warning","PolicyViolation","Critical",123460645,100732512,21951,46760,5,TRUE,FALSE,78658069,22.3799,"Normal"
"138818",144519,"Warning","PolicyViolation","Anomalous",127112680,138106913,29757,36369,5,TRUE,FALSE,172839083,32.88221,"Normal"
"111576",116133,"Warning","Policy_Violation","Anomalous",121931419,90877025,22814,36119,5,FALSE,FALSE,146615004,30.67178,"Normal"
"148778",154916,"Alert","Policy_Violation","Suspicious",126779347,164113596,37375,23986,6,TRUE,FALSE,82709631,35.20016,"Normal"
"331367",345168,"Warning","PolicyViolation","Anomalous",140622573,97303650,23061,NA,5,FALSE,FALSE,171259035,26.39428,"Normal"
"520317",542001,"Warning","NormalOperation","Suspicious",126812147,158283897,35439,34677,5,TRUE,FALSE,139356193,31.01255,"Normal"
"303418",315996,"Warning","Policy_Violation","Anomalous",161538274,98839138,26217,30239,5,FALSE,FALSE,180208875,NA,"Normal"
"427406",445249,"Warning","PolicyViolation","Suspicious",131246856,170494695,37070,31614,5,TRUE,FALSE,164387986,28.13347,"Normal"
"348687",363302,"Warning","Policy_Violation","Elevated",126174592,208847977,45838,32485,6,TRUE,FALSE,182001474,25.68382,"Normal"
"162842",169577,"Warning","NormalOperation","Anomalous",132977304,124032574,28476,24423,5,TRUE,FALSE,156967114,28.2803,"Normal"
"7671",7985,"Warning","Policy_Violation","Suspicious",128067827,165933478,36601,29487,5,TRUE,FALSE,166884540,24.49037,"Normal"
"159845",166442,"Warning","Policy_Violation","Anomalous",138436192,141862140,32367,34976,6,FALSE,FALSE,171741973,25.96341,"Normal"
"312208",325168,"Warning","Policy_Violation","Anomalous",128088682,133918633,31183,38652,6,TRUE,FALSE,188713247,NA,"Normal"
"539334",561784,"Informational","Policy_Violation","Anomalous",123481319,135604249,29467,32512,5,TRUE,FALSE,111474108,34.3038,"Normal"
"105088",109355,"Warning","PolicyViolation","Anomalous",128542072,141161104,31740,31489,6,TRUE,FALSE,202513890,35.60667,"Normal"
"499018",519822,"Warning","NormalOperation","Anomalous",128219696,106015329,23637,22731,4,TRUE,FALSE,136826132,35.21623,"Normal"
"150110",156312,"Alert","NormalOperation","Suspicious",141297934,189656914,41968,24213,5,FALSE,FALSE,158199444,30.81967,"Normal"
"397069",413632,"Warning","Policy_Violation","Suspicious",125409972,149972197,33833,33037,6,TRUE,FALSE,190856936,27.72907,"Normal"
"122514",127525,"Warning","PolicyViolation","Suspicious",117827028,158907027,32839,38249,4,TRUE,TRUE,150257385,22.58272,"Normal"
"459510",478642,"Warning","PolicyViolation","Anomalous",131462161,136955976,32105,52421,6,TRUE,FALSE,105550750,30.92845,"Normal"
"139596",145326,"Warning","PolicyViolation","Anomalous",134043048,130833985,28726,40222,5,FALSE,FALSE,168917466,23.35913,"Normal"
"507827",529009,"Warning","ThreatDetected","Suspicious",127047076,170866948,39253,43038,7,FALSE,FALSE,160382734,33.8523,"Normal"
"387896",404081,"Alert","Policy_Violation","Suspicious",130139657,174146379,38895,33175,6,TRUE,FALSE,117671284,30.35651,"Normal"
"311345",324271,"Warning","Policy_Violation","Critical",122339477,79045634,17260,20673,4,TRUE,FALSE,128834227,24.80069,"Normal"
"366444",381771,"Warning","PolicyViolation","Anomalous",126530845,125912705,28573,29204,6,TRUE,FALSE,107008114,30.87423,"Normal"
"1804",1876,"Alert","PolicyViolation","Suspicious",133466006,194610136,43304,43688,6,TRUE,FALSE,98214958,32.80232,"Normal"
"257803",268516,"Warning","PolicyViolation","Suspicious",131313883,199187784,44118,29525,7,TRUE,FALSE,129605895,18.98319,"Normal"
"265974",277031,"Warning","PolicyViolation","Suspicious",136268161,169300227,39380,39203,6,TRUE,FALSE,215827635,30.61119,"Normal"
"140482",146238,"Warning","NormalOperation","Suspicious",174869243,88616155,30874,36406,7,TRUE,FALSE,80365620,25.45522,"Normal"
"193298",201364,"Warning","PolicyViolation","Elevated",136049818,189737913,43836,37484,7,TRUE,FALSE,133026461,37.65039,"Normal"
"245515",255709,"Warning","PolicyViolation","Critical",124905044,90962136,19940,27553,4,TRUE,FALSE,180663357,34.62096,"Normal"
"542432",565012,"Warning","PolicyViolation","Suspicious",143801458,189171013,43502,34955,7,FALSE,FALSE,135971174,28.72682,"Normal"
"217415",226479,"Warning","NormalOperation","Anomalous",129199443,137580613,30117,33579,5,FALSE,FALSE,182830106,26.04307,"Normal"
"324612",338125,"Warning","PolicyViolation","Suspicious",135414665,139907124,31232,NA,5,TRUE,FALSE,142081300,27.80245,"Normal"
"132650",138081,"Warning","PolicyViolation","Suspicious",131342400,150700564,33451,41614,5,FALSE,FALSE,187163290,27.11359,"Normal"
"490241",510659,"Warning","Policy_Violation","Critical",141272673,110650354,25383,30809,5,FALSE,FALSE,134551492,27.40346,"Normal"
"188826",196683,"Warning","NormalOperation","Suspicious",137376312,185585295,43078,35570,7,FALSE,FALSE,165006243,41.18971,"Normal"
"19120",19898,"Warning","PolicyViolation","Anomalous",137810608,134358079,31757,25095,6,TRUE,FALSE,130735919,20.60628,"Normal"
"115178",119898,"Warning","NormalOperation","Suspicious",130334700,182350286,38734,NA,5,FALSE,TRUE,162391602,30.16444,"Normal"
"252976",263501,"Warning","Policy_Violation","Anomalous",132212599,133636523,30587,49023,5,FALSE,FALSE,203246609,22.98601,"Normal"
"511239",532560,"Warning","Policy_Violation","Suspicious",126261570,150652977,32223,29319,4,TRUE,TRUE,212751877,34.19699,"Normal"
"74811",77864,"Warning","PolicyViolation","Suspicious",129943709,172574264,38008,27313,5,TRUE,FALSE,129398854,NA,"Normal"
"296209",308513,"Warning","Policy_Violation","Suspicious",127848312,160460046,36190,34398,6,FALSE,FALSE,160778694,26.716,"Normal"
"469487",489017,"Warning","Policy_Violation","Anomalous",129231999,139755034,31260,22641,6,FALSE,FALSE,160285093,34.11332,"Normal"
"222174",231426,"Warning","Policy_Violation","Anomalous",134514041,116524803,28275,30031,7,FALSE,FALSE,174467386,38.27381,"Normal"
"43695",45492,"Warning","ThreatDetected","Anomalous",132793063,149946643,31825,17727,4,TRUE,FALSE,126309270,32.76588,"Normal"
"93057",96848,"Warning","NormalOperation","Anomalous",121109972,141579134,29128,35744,4,TRUE,TRUE,209319139,16.42039,"Normal"
"40906",42592,"Warning","PolicyViolation","Anomalous",128846744,118437000,26698,23920,5,FALSE,FALSE,122659286,26.99081,"Normal"
"443786",462286,"Warning","PolicyViolation","Anomalous",136268032,140052565,31788,38103,5,FALSE,FALSE,193868110,21.63216,"Normal"
"12803",13321,"Warning","NormalOperation","Suspicious",124896635,161135880,35231,30488,5,TRUE,FALSE,148222178,32.70523,"Normal"
"202767",211233,"Warning","PolicyViolation","Suspicious",141653281,176092252,41101,28937,6,FALSE,FALSE,174744532,23.76438,"Normal"
"317959",331168,"Warning","Policy_Violation","Suspicious",132685176,161702940,36392,36612,6,TRUE,FALSE,114809138,18.62901,"Normal"
"347701",362266,"Warning","PolicyViolation","Anomalous",130467577,149097401,33606,29530,6,TRUE,FALSE,119487244,28.19746,"Normal"
"534135",556375,"Warning","PolicyViolation","Anomalous",128587600,128578444,30105,NA,6,TRUE,FALSE,108242582,32.92496,"Normal"
"333627",347529,"Warning","PolicyViolation","Anomalous",129551895,127333586,29055,46663,5,FALSE,FALSE,193622527,29.28239,"Normal"
"323578",337047,"Warning","Policy_Violation","Anomalous",129980189,140468535,29863,25520,4,FALSE,FALSE,143627249,27.86384,"Normal"
"345241",359686,"Warning","PolicyViolation","Anomalous",128420903,129587062,28352,40490,5,TRUE,FALSE,158944220,40.30888,"Normal"
"237192",247056,"Warning","PolicyViolation","Anomalous",132403264,122043436,29432,30256,6,FALSE,FALSE,185679155,36.20139,"Normal"
"495055",515688,"Warning","Policy_Violation","Suspicious",128350635,191111309,41578,41505,6,TRUE,FALSE,106166917,20.0036,"Normal"
"247636",257929,"Warning","PolicyViolation","Suspicious",137106818,142652348,31310,36330,4,FALSE,TRUE,125462829,28.1787,"Normal"
"118050",122880,"Warning","PolicyViolation","Anomalous",121865353,119371761,27536,26603,5,TRUE,FALSE,153689261,34.7672,"Normal"
"215484",224460,"Informational","PolicyViolation","Suspicious",128167235,161640575,35187,22487,5,TRUE,FALSE,150671563,24.13055,"Normal"
"141792",147612,"Informational","PolicyViolation","Anomalous",127986565,130275976,28891,30295,4,TRUE,TRUE,158373746,28.64984,"Normal"
"58675",61076,"Warning","PolicyViolation","Suspicious",136794486,183209013,41739,20660,7,TRUE,FALSE,154002565,21.15586,"Normal"
"405282",422174,"Warning","PolicyViolation","Suspicious",145115993,175211981,41370,26077,8,TRUE,FALSE,128627704,29.6233,"Normal"
"60016",62479,"Warning","Policy_Violation","Suspicious",136998250,153911996,34736,31762,6,TRUE,FALSE,112570504,26.18377,"Normal"
"140062",145803,"Warning","PolicyViolation","Suspicious",131999513,158904610,35394,22713,5,TRUE,FALSE,139081487,NA,"Normal"
"64671",67313,"Warning","PolicyViolation","Suspicious",107923212,121433571,30955,42470,7,FALSE,FALSE,140866392,27.43603,"Normal"
"271113",282374,"Warning","Policy_Violation","Anomalous",127537731,134166833,28453,38930,4,FALSE,TRUE,137034165,27.78094,"Normal"
"86572",90117,"Warning","Policy_Violation","Elevated",134631135,208267232,45660,21314,6,TRUE,FALSE,108432413,31.38485,"Normal"
"532656",554833,"Informational","Policy_Violation","Anomalous",130356105,124518559,28779,35377,5,FALSE,FALSE,215452020,38.93183,"Normal"
"286620",298530,"Warning","Policy_Violation","Anomalous",127391674,128810238,30644,37098,7,TRUE,FALSE,211980412,27.19188,"Normal"
"304439",317051,"Warning","PolicyViolation","Suspicious",131161152,170412219,38531,32701,6,TRUE,FALSE,174683463,36.17997,"Normal"
"533800",556021,"Informational","Policy_Violation","Suspicious",135852527,163102694,35634,27392,5,FALSE,FALSE,178803618,31.05158,"Normal"
"49626",51666,"Warning","ThreatDetected","Suspicious",125997353,167241081,36272,24583,6,FALSE,FALSE,150345543,31.39122,"Normal"
"353664",368469,"Warning","Policy_Violation","Anomalous",134592455,146030381,34109,51859,6,FALSE,FALSE,193672882,24.34239,"Normal"
"465577",484951,"Alert","Policy_Violation","Suspicious",137325914,106240048,29789,23293,7,FALSE,FALSE,142739211,18.55442,"Normal"
"267947",279080,"Warning","PolicyViolation","Anomalous",125352448,113630514,26244,38996,6,FALSE,FALSE,169389002,34.35265,"Normal"
"356207",371112,"Informational","PolicyViolation","Critical",131980013,82255371,19898,20769,5,TRUE,FALSE,141478624,22.89272,"Normal"
"303064",315632,"Warning","PolicyViolation","Anomalous",130658210,115608313,28599,19473,7,TRUE,FALSE,150481110,30.38523,"Normal"
"519909",541578,"Warning","PolicyViolation","Anomalous",122156922,91398396,20875,30467,5,TRUE,FALSE,180150490,27.9501,"Normal"
"322906",336340,"Warning","PolicyViolation","Elevated",130842516,208120866,45082,24029,5,FALSE,FALSE,87067175,25.75883,"Normal"
"111487",116040,"Warning","NormalOperation","Suspicious",158974530,98739653,30214,31912,6,FALSE,FALSE,150327210,28.32344,"Normal"
"234759",244516,"Warning","PolicyViolation","Anomalous",132995019,153081826,33290,34717,5,FALSE,FALSE,119479890,21.16908,"Normal"
"264717",275717,"Alert","Policy_Violation","Anomalous",117137296,103510237,22503,NA,5,TRUE,FALSE,141843639,24.897,"Normal"
"7453",7761,"Warning","Policy_Violation","Suspicious",131547452,138936231,30695,40171,4,TRUE,TRUE,145147248,20.24247,"Normal"
"361331",376460,"Alert","NormalOperation","Anomalous",134519934,143302758,32423,37187,5,FALSE,FALSE,126394373,14.66324,"Normal"
"74096",77118,"Warning","PolicyViolation","Anomalous",133316402,143111423,34196,27842,7,FALSE,FALSE,208849621,29.26398,"Normal"
"500690",521567,"Warning","NormalOperation","Critical",123084897,84490589,19432,28726,5,FALSE,FALSE,163211841,38.44718,"Normal"
"377984",393785,"Warning","PolicyViolation","Anomalous",139881888,141609088,32750,38070,6,TRUE,FALSE,167324181,36.03259,"Normal"
"520709",542407,"Warning","NormalOperation","Suspicious",135198320,176082018,40870,45702,6,FALSE,FALSE,155190825,30.58134,"Normal"
"526319",548241,"Warning","PolicyViolation","Anomalous",129426377,109875628,26335,46630,6,FALSE,FALSE,127814083,30.68089,"Normal"
"484281",504465,"Warning","NormalOperation","Anomalous",142819058,145663729,34078,38045,6,FALSE,FALSE,129968233,22.73425,"Normal"
"456585",475611,"Warning","PolicyViolation","Anomalous",127122568,105999332,24248,43332,5,FALSE,FALSE,158780803,35.66248,"Normal"
"304988",317625,"Warning","Policy_Violation","Anomalous",132055848,104672052,24189,36676,5,TRUE,FALSE,84511270,29.75105,"Normal"
"358809",373820,"Warning","PolicyViolation","Suspicious",135095690,173006818,38201,28985,6,TRUE,FALSE,177617076,22.07981,"Normal"
"492051",512548,"Warning","Policy_Violation","Anomalous",135638283,103986706,25414,25332,6,FALSE,FALSE,121037465,28.75424,"Normal"
"334054",347981,"Warning","PolicyViolation","Suspicious",125629788,186661771,41485,39447,6,TRUE,FALSE,93202978,24.1963,"Normal"
"174991",182259,"Warning","PolicyViolation","Anomalous",136979861,151177209,33790,30488,6,TRUE,FALSE,135246458,37.20639,"Normal"
"211367",220156,"Informational","Policy_Violation","Anomalous",130533450,137021740,31452,33797,6,TRUE,FALSE,215250455,19.03482,"Normal"
"116349",121117,"Warning","NormalOperation","Anomalous",125755598,119276592,25470,30243,4,FALSE,TRUE,131126881,40.93025,"Normal"
"401570",418305,"Warning","Policy_Violation","Suspicious",136134229,200484797,44263,36859,6,FALSE,FALSE,182575578,31.24078,"Normal"
"165513",172361,"Warning","PolicyViolation","Anomalous",137088385,119694279,27874,39125,6,FALSE,FALSE,122936984,24.87308,"Normal"
"315095",328178,"Warning","Policy_Violation","Anomalous",131936950,126571373,27872,27625,5,TRUE,FALSE,170741498,27.51293,"Normal"
"326815",340429,"Warning","PolicyViolation","Suspicious",138880332,164985945,36537,33996,5,TRUE,FALSE,166746308,NA,"Normal"
"285299",297153,"Alert","PolicyViolation","Anomalous",129757852,147559033,34707,37954,7,TRUE,FALSE,170972511,30.09195,"Normal"
"91897",95639,"Warning","ThreatDetected","Anomalous",132612280,137600184,31144,23626,5,TRUE,FALSE,183867943,25.70061,"Normal"
"468430",487912,"Warning","NormalOperation","Suspicious",139337947,163555260,38333,33904,6,TRUE,FALSE,195307587,33.89229,"Normal"
"289098",301089,"Warning","PolicyViolation","Anomalous",125123953,148880856,31415,30824,4,TRUE,TRUE,153014999,32.04205,"Normal"
"406879",423835,"Warning","Policy_Violation","Anomalous",132114714,142942572,32644,41879,6,FALSE,FALSE,158982980,27.44797,"Normal"
"176885",184240,"Warning","PolicyViolation","Anomalous",129551353,114599602,27020,41656,6,FALSE,FALSE,136219248,31.91353,"Normal"
"517601",539178,"Warning","PolicyViolation","Suspicious",131789141,166695380,37099,48498,6,FALSE,FALSE,152625210,31.48118,"Normal"
"25290",26337,"Warning","Policy_Violation","Anomalous",117811869,104866620,22799,45052,5,FALSE,FALSE,131047835,NA,"Normal"
"430196",448147,"Warning","Policy_Violation","Suspicious",138742170,154089649,34685,27026,5,FALSE,FALSE,142659250,NA,"Normal"
"358898",373911,"Warning","PolicyViolation","Anomalous",141003792,152624528,34312,32210,6,TRUE,FALSE,123994274,NA,"Normal"
"426407",444203,"Warning","PolicyViolation","Critical",128554604,89914556,20119,35964,4,FALSE,FALSE,151172915,25.96075,"Normal"
"70958",73865,"Warning","Policy_Violation","Suspicious",132413527,196106786,42573,43726,6,FALSE,FALSE,130827895,40.1564,"Normal"
"11308",11757,"Warning","PolicyViolation","Anomalous",130865312,117932305,26493,36756,5,FALSE,FALSE,179654411,NA,"Normal"
"400416",417101,"Warning","PolicyViolation","Anomalous",136702029,139630575,31454,40619,5,FALSE,FALSE,122517133,29.9644,"Normal"
"428731",446634,"Warning","PolicyViolation","Anomalous",132320539,152068715,34786,32615,6,TRUE,FALSE,193376019,32.97167,"Normal"
"325133",338668,"Warning","PolicyViolation","Suspicious",134105162,181104404,39510,26207,6,FALSE,FALSE,193302150,27.87194,"Normal"
"159675",166268,"Warning","Policy_Violation","Suspicious",125496935,163444076,35870,NA,6,FALSE,FALSE,157955583,29.65453,"Normal"
"172708",179871,"Warning","PolicyViolation","Suspicious",143236055,186271583,42709,32485,7,FALSE,FALSE,140038643,32.92578,"Normal"
"364298",379520,"Warning","Policy_Violation","Suspicious",132341288,169448510,38511,40592,6,TRUE,FALSE,143608846,28.53438,"Normal"
"181155",188689,"Warning","PolicyViolation","Suspicious",135031644,171701307,38476,26444,6,FALSE,FALSE,65925132,27.28394,"Normal"
"412717",429922,"Warning","PolicyViolation","Suspicious",123928105,192962016,41593,27121,6,FALSE,FALSE,100492738,26.01418,"Normal"
"21147",22008,"Warning","NormalOperation","Suspicious",126366623,163165500,35449,32820,5,FALSE,FALSE,153306169,31.01898,"Normal"
"464611",483943,"Warning","PolicyViolation","Suspicious",164482280,106006582,27149,42757,4,FALSE,FALSE,122649041,34.0136,"Normal"
"78719",81926,"Warning","PolicyViolation","Suspicious",125578867,197047299,42282,33145,6,TRUE,FALSE,171857850,25.04232,"Normal"
"241022",251023,"Informational","Policy_Violation","Anomalous",134158135,141666957,30797,35631,4,TRUE,FALSE,203906666,40.09176,"Normal"
"433829",451920,"Warning","Policy_Violation","Suspicious",129860622,147867557,31750,34382,4,TRUE,TRUE,174996165,25.48922,"Normal"
"441075",459466,"Warning","Policy_Violation","Suspicious",138543548,159260270,36201,39577,6,FALSE,FALSE,151613847,28.5939,"Normal"
"454071",473003,"Warning","Policy_Violation","Suspicious",115086243,143461171,30747,NA,5,FALSE,TRUE,127030347,34.51179,"Normal"
"167804",174760,"Alert","PolicyViolation","Suspicious",133118892,160007140,34766,31497,5,FALSE,FALSE,162009996,34.08833,"Normal"
"22348",23270,"Warning","Policy_Violation","Suspicious",143538826,177643728,39245,29064,6,TRUE,FALSE,158306472,31.3559,"Normal"
"184664",192355,"Warning","Policy_Violation","Anomalous",126289964,134706890,29832,38368,5,TRUE,FALSE,91511803,29.00927,"Normal"
"7483",7791,"Alert","Policy_Violation","Critical",126200921,90822146,19488,26581,4,TRUE,TRUE,80864843,NA,"Normal"
"412207",429394,"Warning","PolicyViolation","Suspicious",136733223,200794494,45675,29284,7,FALSE,FALSE,115685274,27.24222,"Normal"
"418133",435603,"Warning","Policy_Violation","Anomalous",121409073,106688232,22848,33864,4,TRUE,TRUE,124913109,29.14654,"Normal"
"354642",369482,"Warning","PolicyViolation","Suspicious",131220627,153250955,33887,42105,5,FALSE,FALSE,144814206,31.67588,"Normal"
"315639",328746,"Warning","Policy_Violation","Suspicious",135759744,178166833,40094,34213,6,FALSE,FALSE,231229885,31.13504,"Normal"
"528254",550269,"Warning","Policy_Violation","Elevated",138841562,195795519,43560,30659,6,FALSE,FALSE,136057338,24.04971,"Normal"
"175348",182632,"Warning","Policy_Violation","Anomalous",132057323,139894143,31633,NA,5,FALSE,FALSE,132236757,36.78679,"Normal"
"386433",402584,"Warning","PolicyViolation","Suspicious",132575992,196771339,42829,26859,6,TRUE,FALSE,142840190,22.42283,"Normal"
"143683",149598,"Warning","PolicyViolation","Anomalous",130390618,102179636,24613,42419,5,FALSE,FALSE,125730482,32.69212,"Normal"
"398368",414985,"Warning","Policy_Violation","Suspicious",130460266,148375247,31651,32649,4,FALSE,TRUE,160544900,35.6572,"Normal"
"253980",264540,"Warning","PolicyViolation","Suspicious",130341300,151318156,32645,44110,5,FALSE,FALSE,112869193,28.96218,"Normal"
"394489",410938,"Warning","PolicyViolation","Suspicious",129051294,173818691,36665,30968,4,FALSE,TRUE,132757324,36.5003,"Normal"
"452084",470938,"Warning","PolicyViolation","Suspicious",129553098,164755234,36290,31836,5,TRUE,FALSE,113501273,31.52559,"Normal"
"268975",280145,"Warning","Policy_Violation","Anomalous",125809625,122776796,27582,25501,5,TRUE,FALSE,172204925,25.60648,"Normal"
"79943",83215,"Warning","PolicyViolation","Suspicious",122201913,98268709,30185,37805,8,TRUE,FALSE,107395739,30.44247,"Normal"
"495220",515861,"Warning","PolicyViolation","Critical",129219575,115031074,26481,37027,6,FALSE,FALSE,194123899,24.18499,"Normal"
"179296",186751,"Alert","NormalOperation","Suspicious",128963444,162828323,36027,46218,5,FALSE,FALSE,176872849,24.25245,"Normal"
"80047",83322,"Warning","Policy_Violation","Suspicious",111271146,115994178,29151,28613,7,FALSE,FALSE,167792322,35.87178,"Normal"
"314220",327265,"Warning","Policy_Violation","Anomalous",129344856,123216527,29660,38077,7,FALSE,FALSE,153773494,30.87558,"Normal"
"538936",561367,"Alert","Policy_Violation","Elevated",134816660,190440028,43803,31644,7,TRUE,FALSE,182369267,NA,"Normal"
"160019",166626,"Warning","NormalOperation","Anomalous",124940366,130753555,29178,50905,5,FALSE,FALSE,181940864,39.00918,"Normal"
"496132",516814,"Warning","PolicyViolation","Elevated",134583717,195759343,43537,35024,6,TRUE,FALSE,127437177,28.68165,"Normal"
"109982",114469,"Warning","Policy_Violation","Anomalous",129611692,120062490,26666,38484,4,TRUE,FALSE,203557835,32.89813,"Normal"
"68323",71119,"Warning","PolicyViolation","Anomalous",136058193,125427160,26493,34118,4,FALSE,FALSE,196814140,27.44243,"Normal"
"354113",368930,"Warning","PolicyViolation","Anomalous",130097573,152683966,33444,38204,5,TRUE,FALSE,167456796,30.41983,"Normal"
"98590",102593,"Warning","PolicyViolation","Elevated",136615210,206359123,45544,39973,6,TRUE,FALSE,167320258,34.83793,"Normal"
"382758",398770,"Warning","Policy_Violation","Suspicious",137762248,183235952,42482,35213,7,FALSE,FALSE,146874073,46.24214,"Normal"
"122192",127191,"Warning","Policy_Violation","Elevated",133199045,191441684,43352,25756,6,TRUE,FALSE,141029391,25.74645,"Normal"
"304978",317615,"Warning","PolicyViolation","Suspicious",135649348,160883998,35921,34338,5,FALSE,FALSE,153033629,38.64364,"Normal"
"440883",459270,"Warning","Policy_Violation","Suspicious",126020781,185101089,40583,47369,6,FALSE,FALSE,110489133,31.24548,"Normal"
"252115",262607,"Warning","Policy_Violation","Suspicious",150887433,98540761,29366,26105,6,TRUE,FALSE,140148955,30.79441,"Normal"
"305538",318210,"Warning","ThreatDetected","Suspicious",128558688,147607612,32507,32238,5,FALSE,FALSE,140305025,27.36146,"Normal"
"399150",415797,"Warning","PolicyViolation","Anomalous",127108306,118991284,25424,32184,4,TRUE,FALSE,203303465,34.9117,"Normal"
"319232",332505,"Warning","PolicyViolation","Anomalous",133979381,128681666,28786,NA,6,TRUE,FALSE,191740280,42.35187,"Normal"
"87122",90689,"Warning","PolicyViolation","Anomalous",122858860,105904977,21826,18034,4,TRUE,TRUE,132108214,32.05408,"Normal"
"483633",503784,"Alert","PolicyViolation","Elevated",131117242,208762327,46982,40643,7,TRUE,FALSE,143787947,16.66088,"Normal"
"194447",202560,"Warning","PolicyViolation","Anomalous",131838579,145173172,34059,50979,7,FALSE,FALSE,116430332,30.398,"Normal"
"482729",502845,"Warning","PolicyViolation","Anomalous",132679912,154138859,34563,38066,6,FALSE,FALSE,115506597,26.32617,"Normal"
"288141",300099,"Warning","PolicyViolation","Anomalous",119240493,147457842,32062,24821,5,TRUE,FALSE,143228080,NA,"Normal"
"237542",247415,"Warning","PolicyViolation","Suspicious",131314671,171237847,37380,33315,5,FALSE,FALSE,157739127,28.91142,"Normal"
"414721",432010,"Warning","PolicyViolation","Suspicious",128160581,186833405,41421,29739,6,FALSE,FALSE,216085619,32.38397,"Normal"
"358373",373361,"Warning","PolicyViolation","Suspicious",130968146,165533808,37651,35826,6,FALSE,FALSE,163134869,26.74467,"Normal"
"523889",545718,"Warning","PolicyViolation","Anomalous",128782289,110635387,25869,34771,6,TRUE,FALSE,206049901,28.66912,"Normal"
"414357",431622,"Alert","Policy_Violation","Suspicious",124077874,174369268,38287,NA,6,FALSE,FALSE,189974558,26.60539,"Normal"
"479388",499363,"Warning","PolicyViolation","Anomalous",129319243,91883821,23208,39835,5,FALSE,FALSE,121278201,31.84354,"Normal"
"79881",83149,"Warning","PolicyViolation","Suspicious",129032890,152567441,34644,44496,6,FALSE,FALSE,119600609,28.73105,"Normal"
"281928",293646,"Warning","Policy_Violation","Suspicious",132408559,136040683,29930,28671,4,FALSE,TRUE,163760454,43.95793,"Normal"
"308391",321186,"Warning","PolicyViolation","Suspicious",133846884,183956993,41677,29883,6,FALSE,FALSE,167663676,26.56434,"Normal"
"16532",17197,"Informational","PolicyViolation","Anomalous",129013718,118077893,26113,40614,5,TRUE,FALSE,141094841,14.82992,"Normal"
"390825",407126,"Warning","PolicyViolation","Anomalous",130764198,144814438,32544,35323,6,FALSE,FALSE,145502768,31.80658,"Normal"
"189007",196874,"Warning","PolicyViolation","Suspicious",119103788,171810335,37015,47823,5,TRUE,FALSE,121491479,17.91619,"Normal"
"306570",319283,"Alert","NormalOperation","Suspicious",122374293,167221019,36968,26082,6,FALSE,FALSE,167602452,19.71239,"Normal"
"282",7114,"Warning","PolicyViolation","Anomalous",114305194,116458063,27767,35013,6,TRUE,FALSE,204786313,26.74004,"Malicious"
"8380",209373,"Warning","Policy_Violation","Anomalous",78021070,123215720,25968,30086,6,FALSE,TRUE,119165426,28.31829,"Malicious"
"10085",252904,"Warning","PolicyViolation","Anomalous",95041383,116412074,24445,35905,5,TRUE,TRUE,121476274,19.33587,"Malicious"
"2174",55134,"Warning","PolicyViolation","Suspicious",132337944,153320780,33442,NA,5,TRUE,FALSE,177670032,27.9253,"Malicious"
"20287",507191,"Warning","Policy_Violation","Suspicious",159091319,90315375,27238,30455,6,TRUE,FALSE,85101976,19.9739,"Malicious"
"14736",366680,"Warning","Policy_Violation","Suspicious",175386921,81220099,24193,39004,4,FALSE,FALSE,117230929,30.16004,"Malicious"
"22093",552529,"Warning","Policy_Violation","Anomalous",147199767,104228212,25170,32461,4,FALSE,FALSE,200555519,29.48339,"Malicious"
"14528",361398,"Warning","PolicyViolation","Suspicious",155907534,109066446,31709,42811,6,TRUE,FALSE,133310023,20.67716,"Malicious"
"22053",551341,"Warning","Policy_Violation","Anomalous",132086709,83943066,24094,35510,6,TRUE,FALSE,117989084,20.66743,"Malicious"
"22140",553813,"Warning","NormalOperation","Anomalous",136944986,96789036,25262,27956,5,TRUE,FALSE,131997577,NA,"Malicious"
"3501",88748,"Warning","NormalOperation","Anomalous",136009367,80499500,21287,20290,5,TRUE,FALSE,137196380,33.06958,"Malicious"
"7122",178805,"Warning","Policy_Violation","Suspicious",137943193,104836783,28946,42314,6,FALSE,FALSE,192272784,35.81259,"Malicious"
"3374",85722,"Warning","PolicyViolation","Anomalous",129304431,113676095,27247,47526,5,FALSE,FALSE,179361892,24.62384,"Malicious"
"397",10194,"Warning","PolicyViolation","Suspicious",167833440,103471136,30877,33969,6,TRUE,FALSE,156755599,43.45998,"Malicious"
"17918",447129,"Warning","Policy_Violation","Suspicious",120325822,110401305,28112,29670,6,TRUE,FALSE,152979210,33.47862,"Malicious"
"17664",440363,"Warning","PolicyViolation","Anomalous",75918474,119862987,26155,27698,6,FALSE,TRUE,158850189,28.19463,"Malicious"
"2185",55377,"Warning","PolicyViolation","Suspicious",161531678,97070138,30759,45873,6,TRUE,FALSE,163435687,21.12344,"Malicious"
"7003",176102,"Warning","Policy_Violation","Suspicious",147883322,85639292,29071,40864,7,FALSE,FALSE,139314186,24.10828,"Malicious"
"18258",456117,"Warning","Policy_Violation","Anomalous",62712654,121239962,27422,32057,7,FALSE,TRUE,150682492,23.00891,"Malicious"
"8841",221484,"Warning","ThreatDetected","Anomalous",168869219,68107324,21703,38944,4,FALSE,FALSE,154588196,24.04281,"Malicious"
"10997",275640,"Informational","Policy_Violation","Suspicious",157184768,116735438,30678,29439,5,FALSE,FALSE,172448704,26.8205,"Malicious"
"6849",172378,"Warning","Policy_Violation","Anomalous",145431470,104415524,25937,31496,5,FALSE,FALSE,182243590,31.32763,"Malicious"
"8557",213624,"Warning","ThreatDetected","Anomalous",105095603,83164787,24877,39188,8,FALSE,FALSE,171388540,31.30772,"Malicious"
"15011",373798,"Warning","PolicyViolation","Anomalous",165314058,75008383,21081,41280,4,TRUE,FALSE,172009693,37.79813,"Malicious"
"11097",278181,"Warning","PolicyViolation","Anomalous",188038249,63290950,21418,29042,4,FALSE,FALSE,146084896,25.96767,"Malicious"
"1035",26058,"Warning","Policy_Violation","Anomalous",126205968,95609589,22275,42458,4,TRUE,FALSE,121911423,32.18241,"Malicious"
"2462",62454,"Warning","PolicyViolation","Anomalous",163649835,92228147,25828,30765,5,FALSE,FALSE,141901398,24.60781,"Malicious"
"5046",128527,"Warning","Policy_Violation","Anomalous",93520670,121200507,27825,21888,6,TRUE,TRUE,166314442,23.8774,"Malicious"
"12615",317114,"Warning","PolicyViolation","Suspicious",165857139,70967362,25500,29985,6,TRUE,FALSE,118344917,24.79388,"Malicious"
"15625",389162,"Warning","PolicyViolation","Anomalous",145337361,119221500,27574,37511,4,TRUE,FALSE,112192198,24.96054,"Malicious"
"21813",545316,"Warning","Policy_Violation","Suspicious",122971203,161642437,35942,37606,6,TRUE,FALSE,178830077,25.74334,"Malicious"
"20417",510604,"Alert","ThreatDetected","Anomalous",146808109,97455121,22026,37638,3,FALSE,FALSE,172597301,24.68142,"Malicious"
"12096",303545,"Warning","PolicyViolation","Anomalous",121850330,114975335,26565,34454,5,FALSE,FALSE,190005642,30.71277,"Malicious"
"14612",363228,"Warning","Policy_Violation","Suspicious",142607705,101461648,27219,36121,5,FALSE,FALSE,167032864,22.88535,"Malicious"
"11004",275782,"Informational","Policy_Violation","Anomalous",143884296,94720695,25692,29829,5,FALSE,FALSE,183167694,26.03557,"Malicious"
"16841",420690,"Warning","Policy_Violation","Anomalous",112649004,118101366,24904,44053,5,FALSE,TRUE,197807267,34.32784,"Malicious"
"1352",34124,"Warning","PolicyViolation","Suspicious",123114854,166466037,37452,35563,6,FALSE,FALSE,186319506,20.09237,"Malicious"
"18510",462395,"Warning","Policy_Violation","Anomalous",129572945,114896078,24132,36526,4,FALSE,TRUE,132858911,28.13799,"Malicious"
"21471",536354,"Warning","PolicyViolation","Suspicious",114411076,91245393,26322,33281,7,TRUE,FALSE,107343508,31.42878,"Malicious"
"12112",304095,"Warning","PolicyViolation","Anomalous",104901311,123804864,27879,41084,6,TRUE,TRUE,185293080,27.85446,"Malicious"
"15645",389496,"Warning","PolicyViolation","Suspicious",182338704,69412460,25772,28537,6,FALSE,FALSE,149051755,38.4946,"Malicious"
"20057",501181,"Warning","PolicyViolation","Anomalous",120882923,93334288,22111,31191,5,TRUE,TRUE,198267280,28.93346,"Malicious"
"17952",448149,"Warning","PolicyViolation","Anomalous",138813128,76017707,21041,37184,5,FALSE,FALSE,160388430,42.77625,"Malicious"
"11431",287053,"Warning","PolicyViolation","Suspicious",192568967,96311129,29204,18384,5,TRUE,FALSE,137875038,30.58951,"Malicious"
"14014",350085,"Warning","Policy_Violation","Anomalous",95874410,125518245,24642,NA,5,TRUE,TRUE,144995864,27.03082,"Malicious"
"21527",537906,"Warning","PolicyViolation","Suspicious",119054504,96736338,26620,31737,6,TRUE,FALSE,198150157,18.11298,"Malicious"
"18163",453849,"Warning","PolicyViolation","Anomalous",148846043,102749380,25885,48066,5,FALSE,FALSE,188515139,NA,"Malicious"
"2",21,"Warning","PolicyViolation","Anomalous",186407456,74103696,21202,35976,3,TRUE,FALSE,157381705,32.20842,"Malicious"
"2047",51821,"Warning","PolicyViolation","Suspicious",232652702,84696384,26361,30586,3,FALSE,FALSE,137170016,35.55921,"Malicious"
"6230",157294,"Warning","PolicyViolation","Anomalous",112120994,108667007,23721,33220,5,FALSE,TRUE,132344513,28.24313,"Malicious"
"13571",339323,"Warning","Policy_Violation","Anomalous",136255304,80031368,24323,32208,6,FALSE,FALSE,157413778,37.59768,"Malicious"
"16246",405633,"Warning","Policy_Violation","Critical",50504295,98735513,19468,28449,6,TRUE,TRUE,115293665,25.12761,"Malicious"
"4900",124626,"Warning","PolicyViolation","Suspicious",189935876,84294760,29119,42655,6,FALSE,FALSE,164331458,41.79234,"Malicious"
"4520",115124,"Warning","PolicyViolation","Anomalous",88714875,136609908,30617,37485,7,FALSE,TRUE,187816021,25.66196,"Malicious"
"5490",139419,"Warning","Policy_Violation","Anomalous",90844938,140096310,28529,42521,5,TRUE,TRUE,164016228,28.83152,"Malicious"
"22326",558322,"Warning","Policy_Violation","Elevated",145896627,228788241,49694,27795,5,FALSE,FALSE,161906927,30.76039,"Malicious"
"4076",104499,"Warning","NormalOperation","Suspicious",142000424,99029581,31037,20254,7,FALSE,FALSE,156983537,29.28795,"Malicious"
"14450",359812,"Informational","PolicyViolation","Anomalous",131461487,97505575,25447,48422,5,FALSE,FALSE,129471573,26.27424,"Malicious"
"7142",179388,"Warning","PolicyViolation","Suspicious",111240669,95570571,27231,32483,7,TRUE,FALSE,181599424,34.31707,"Malicious"
"4361",111425,"Warning","Policy_Violation","Suspicious",161345989,90013600,29567,42922,7,FALSE,FALSE,107590249,31.72299,"Malicious"
"5659",143474,"Warning","PolicyViolation","Anomalous",134656437,84752961,19708,39685,4,FALSE,TRUE,148263864,NA,"Malicious"
"9848",246579,"Warning","PolicyViolation","Anomalous",152245475,91437871,24617,29147,5,FALSE,FALSE,103689499,41.41579,"Malicious"
"3030",77281,"Warning","PolicyViolation","Suspicious",174115634,90328129,26943,34991,5,FALSE,FALSE,168793998,30.94017,"Malicious"
"9616",240507,"Warning","Policy_Violation","Suspicious",194784439,64654193,25923,27419,5,TRUE,FALSE,143659493,36.96533,"Malicious"
"15960",397619,"Warning","PolicyViolation","Anomalous",128299835,114677922,26250,26977,5,TRUE,FALSE,170781294,33.02152,"Malicious"
"4506",114878,"Warning","PolicyViolation","Anomalous",159163670,76957017,23336,44891,5,TRUE,FALSE,134425891,24.92371,"Malicious"
"13491",337684,"Warning","PolicyViolation","Anomalous",173858600,87163381,23667,33974,4,FALSE,FALSE,156303927,NA,"Malicious"
"4628",117850,"Warning","PolicyViolation","Anomalous",102676146,100397433,21946,31923,5,TRUE,TRUE,127349249,23.95829,"Malicious"
"14863",370108,"Warning","Policy_Violation","Suspicious",154231367,90384256,28924,34332,7,TRUE,FALSE,136976457,19.86913,"Malicious"
"17053",426020,"Warning","PolicyViolation","Anomalous",88564521,132108936,26075,31175,5,TRUE,TRUE,122205699,35.24442,"Malicious"
"16389",409375,"Warning","PolicyViolation","Suspicious",145161235,101073561,27144,24760,5,FALSE,FALSE,158969227,NA,"Malicious"
"13077",327896,"Warning","Policy_Violation","Anomalous",140110086,95514876,24947,28675,5,FALSE,FALSE,178463627,NA,"Malicious"
"14836",369290,"Warning","NormalOperation","Suspicious",180212101,98074325,27907,35043,4,FALSE,FALSE,142361861,27.84159,"Malicious"
"11037",276570,"Alert","PolicyViolation","Anomalous",165225254,94581858,24865,28031,4,TRUE,FALSE,158272737,30.37199,"Malicious"
"21670",541627,"Warning","Policy_Violation","Critical",101273363,82254047,16170,40899,4,FALSE,TRUE,144084352,34.14422,"Malicious"
"10359",259441,"Warning","NormalOperation","Suspicious",165663758,97215522,30106,19969,6,FALSE,FALSE,137905489,NA,"Malicious"
"9610",240380,"Warning","PolicyViolation","Anomalous",114799503,96290817,22483,31833,5,FALSE,TRUE,137698543,28.86937,"Malicious"
"7794",195140,"Warning","Policy_Violation","Anomalous",128438473,89636367,24005,32330,6,FALSE,FALSE,92511693,30.93997,"Malicious"
"11150",279617,"Warning","Policy_Violation","Suspicious",186290428,100493552,30634,35177,5,TRUE,FALSE,171284815,31.22031,"Malicious"
"20791",519503,"Warning","PolicyViolation","Anomalous",166643519,54932865,18225,37692,4,FALSE,FALSE,136428804,26.53626,"Malicious"
"17016",425270,"Informational","PolicyViolation","Suspicious",128337934,134797992,33462,31661,6,TRUE,FALSE,162842929,33.91088,"Malicious"
"10068",252618,"Warning","Policy_Violation","Anomalous",146857437,111562230,25832,31388,4,TRUE,FALSE,117441646,38.82248,"Malicious"
"11127",278912,"Warning","PolicyViolation","Suspicious",102843006,123632092,31438,38105,7,FALSE,FALSE,175953889,43.5484,"Malicious"
"7969",199004,"Warning","PolicyViolation","Anomalous",131591893,83469965,23480,32660,6,TRUE,FALSE,144717034,35.36432,"Malicious"
"22113",553115,"Warning","PolicyViolation","Suspicious",117652849,102915981,28713,43621,7,FALSE,FALSE,175085065,27.77171,"Malicious"
"1560",39549,"Warning","PolicyViolation","Suspicious",137260918,98566043,29499,42428,7,TRUE,FALSE,150567768,17.8733,"Malicious"
"7431",186178,"Warning","PolicyViolation","Suspicious",139845585,100960426,28808,27037,6,TRUE,FALSE,168685544,29.78361,"Malicious"
"21248",530493,"Informational","Policy_Violation","Anomalous",139005609,100147210,25015,34062,5,TRUE,FALSE,95609275,31.39674,"Malicious"
"17313",432378,"Warning","Policy_Violation","Anomalous",99582252,95049444,24537,29733,7,TRUE,TRUE,179972578,31.76622,"Malicious"
"11822",296187,"Warning","Policy_Violation","Elevated",143193008,116736151,37291,31498,9,TRUE,FALSE,176108599,27.65607,"Malicious"
"2141",54213,"Warning","NormalOperation","Anomalous",125650753,90163368,24875,41865,6,FALSE,FALSE,124435633,NA,"Malicious"
"18708",467326,"Warning","PolicyViolation","Anomalous",142871386,69796132,20785,23838,5,TRUE,FALSE,96886793,29.70269,"Malicious"
"10821",271300,"Warning","Policy_Violation","Critical",98679712,108520493,20404,31278,4,TRUE,TRUE,120767208,36.13221,"Malicious"
"15325",381709,"Warning","PolicyViolation","Anomalous",119733320,68471659,18528,21201,5,TRUE,TRUE,125603140,31.5434,"Malicious"
"11650",292415,"Warning","PolicyViolation","Anomalous",96537563,129245886,29671,26554,6,FALSE,TRUE,206951910,25.34126,"Malicious"
"16713",417733,"Warning","Policy_Violation","Suspicious",157192923,103234362,27632,34660,5,TRUE,FALSE,121895626,27.30298,"Malicious"
"5224",132702,"Warning","PolicyViolation","Suspicious",147584341,98910918,31120,47198,7,FALSE,FALSE,141337076,23.85265,"Malicious"
"2357",59819,"Warning","PolicyViolation","Suspicious",178341620,87291796,26383,39647,5,TRUE,FALSE,170292771,22.50704,"Malicious"
"8410",209933,"Warning","ThreatDetected","Suspicious",203931779,74768104,26966,42748,5,TRUE,FALSE,178437188,33.95744,"Malicious"
"3342",84976,"Warning","ThreatDetected","Suspicious",141361482,95836724,29537,17080,7,FALSE,FALSE,146579422,32.98769,"Malicious"
"17046",425926,"Alert","ThreatDetected","Suspicious",169405995,84852497,29643,29911,7,TRUE,FALSE,137145422,26.88077,"Malicious"
"11247",282153,"Warning","PolicyViolation","Suspicious",160883551,117433070,32560,39331,6,FALSE,FALSE,179243557,NA,"Malicious"
"21126",527484,"Informational","Policy_Violation","Suspicious",148149792,101210684,27177,34913,5,FALSE,FALSE,189094707,25.27923,"Malicious"
"17503",436408,"Warning","Policy_Violation","Suspicious",181104703,97619679,30987,39934,6,FALSE,FALSE,122170106,40.23184,"Malicious"
"5992",151436,"Alert","PolicyViolation","Suspicious",110420194,109434874,28824,35086,7,FALSE,FALSE,157343036,32.81383,"Malicious"
"20398",509971,"Warning","Policy_Violation","Anomalous",78468358,148593867,30765,37557,6,FALSE,TRUE,134226585,NA,"Malicious"
"8636",216008,"Warning","PolicyViolation","Suspicious",158980348,81348193,24883,36794,5,TRUE,FALSE,149613443,34.72029,"Malicious"
"18471",461484,"Warning","Policy_Violation","Suspicious",149095165,87883881,28250,33768,7,FALSE,FALSE,86643740,23.2737,"Malicious"
"16328",407895,"Warning","PolicyViolation","Suspicious",155265735,92991866,26326,34445,5,TRUE,FALSE,192876065,37.37695,"Malicious"
"14333",357078,"Warning","Policy_Violation","Anomalous",142199238,75774126,23274,34312,6,TRUE,FALSE,179387675,38.2617,"Malicious"
"11388",286159,"Warning","PolicyViolation","Anomalous",146937812,90098005,24343,NA,5,FALSE,FALSE,169427454,27.0525,"Malicious"
"6604",166534,"Warning","PolicyViolation","Suspicious",162399043,101429034,29227,34416,6,FALSE,FALSE,159669091,NA,"Malicious"
"9458",236683,"Warning","PolicyViolation","Suspicious",170662685,60832466,24706,46704,6,TRUE,FALSE,187490727,NA,"Malicious"
"14940",372026,"Alert","PolicyViolation","Anomalous",135939957,87555893,23597,21433,5,FALSE,FALSE,163434439,40.63887,"Malicious"
"13801",345167,"Warning","Policy_Violation","Suspicious",129579312,95949416,28104,44818,7,TRUE,FALSE,113654467,35.31068,"Malicious"
"17625",439413,"Warning","PolicyViolation","Suspicious",123783683,101011142,27443,27528,6,TRUE,FALSE,213269870,27.41102,"Malicious"
"3779",96503,"Warning","PolicyViolation","Suspicious",124660645,111297113,28365,40520,6,FALSE,FALSE,140436705,29.98717,"Malicious"
"5910",149488,"Warning","PolicyViolation","Suspicious",144470887,90955230,27726,41837,6,FALSE,FALSE,132164648,36.07486,"Malicious"
"1168",29186,"Warning","PolicyViolation","Elevated",158957806,110596630,34655,41357,7,FALSE,FALSE,188461357,28.61501,"Malicious"
"16757",418787,"Warning","PolicyViolation","Anomalous",167372359,92041246,24159,28364,4,TRUE,FALSE,146136778,28.10076,"Malicious"
"12636",317546,"Alert","Policy_Violation","Suspicious",99806318,140067390,34859,41197,8,FALSE,FALSE,162116291,22.31348,"Malicious"
"15814",394077,"Warning","Policy_Violation","Elevated",191248132,84447845,30762,32457,6,FALSE,FALSE,201967776,NA,"Malicious"
"496",12576,"Warning","Policy_Violation","Suspicious",176386848,86508362,26884,27931,5,FALSE,FALSE,169596099,29.37753,"Malicious"
"9675",242191,"Warning","Policy_Violation","Anomalous",135581614,114585277,28331,39056,5,FALSE,FALSE,152038395,37.92437,"Malicious"
"3164",80602,"Alert","PolicyViolation","Suspicious",171466763,88800847,25618,26940,5,FALSE,FALSE,179056541,38.08912,"Malicious"
"5921",149736,"Warning","PolicyViolation","Suspicious",161706188,144791857,37681,24533,6,TRUE,FALSE,129423094,31.2909,"Malicious"
"11228",281788,"Warning","PolicyViolation","Anomalous",166011311,97708066,25640,33005,4,TRUE,FALSE,144018032,35.95588,"Malicious"
"7155",179625,"Informational","PolicyViolation","Anomalous",146271767,99589486,25943,19766,5,TRUE,FALSE,200203066,34.8905,"Malicious"
"4068",104371,"Warning","PolicyViolation","Suspicious",154724318,105610541,28807,35638,5,FALSE,FALSE,176993060,31.99485,"Malicious"
"12025",301720,"Warning","PolicyViolation","Suspicious",205623233,90120446,29454,41661,5,TRUE,FALSE,100359838,23.53742,"Malicious"
"15605",388653,"Warning","Policy_Violation","Anomalous",167119498,93386506,24982,22546,4,FALSE,FALSE,146977935,22.36544,"Malicious"
"18958",473807,"Warning","PolicyViolation","Suspicious",147709727,99082931,27132,41884,5,FALSE,FALSE,131930860,31.55175,"Malicious"
"2682",68425,"Warning","PolicyViolation","Suspicious",139719075,122448165,30627,24046,5,TRUE,FALSE,180262753,26.69513,"Malicious"
"8947",223810,"Warning","PolicyViolation","Anomalous",126974371,85051609,20387,16963,4,TRUE,TRUE,105499760,32.64492,"Malicious"
"4233",108677,"Warning","PolicyViolation","Suspicious",170912680,113737689,30171,33405,5,TRUE,FALSE,137803748,29.46062,"Malicious"
"17140",428069,"Warning","Policy_Violation","Suspicious",123528221,112813963,28763,31307,6,FALSE,FALSE,136460082,28.89497,"Malicious"
"6026",152172,"Informational","PolicyViolation","Anomalous",137576016,107768323,27374,29047,5,TRUE,FALSE,196704452,31.10424,"Malicious"
"16452",411005,"Warning","PolicyViolation","Anomalous",116929954,131065693,29695,45173,5,TRUE,FALSE,151161014,35.22094,"Malicious"
"18090",451886,"Warning","PolicyViolation","Suspicious",171903772,89438510,30062,26378,7,TRUE,FALSE,194729058,25.13232,"Malicious"
"13631",340652,"Warning","PolicyViolation","Suspicious",136690968,108676196,30835,32946,7,TRUE,FALSE,108906332,33.05602,"Malicious"
"4329",110493,"Warning","Policy_Violation","Anomalous",102064408,136629206,31126,33775,6,TRUE,TRUE,133145478,30.8352,"Malicious"
"20783",519278,"Warning","NormalOperation","Suspicious",152840431,113636602,31058,NA,6,TRUE,FALSE,147620673,21.86029,"Malicious"
"10091",253068,"Warning","PolicyViolation","Suspicious",160504239,88103608,25750,34767,5,FALSE,FALSE,109257776,39.81615,"Malicious"
"15795",393471,"Warning","PolicyViolation","Suspicious",134277970,111995298,29039,35101,6,FALSE,FALSE,189376716,27.53606,"Malicious"
"17102",427107,"Alert","PolicyViolation","Anomalous",176903961,59033551,21243,28647,5,TRUE,FALSE,140806969,35.21283,"Malicious"
"15850",395111,"Warning","Policy_Violation","Suspicious",170058690,106491201,31883,23589,6,FALSE,FALSE,155863403,33.99822,"Malicious"
"20395",509896,"Informational","ThreatDetected","Suspicious",117298141,119609736,34044,45094,8,TRUE,FALSE,148684136,21.83618,"Malicious"
"19711",493468,"Warning","PolicyViolation","Suspicious",190598930,87901358,28888,35031,5,TRUE,FALSE,140191479,30.24423,"Malicious"
"4344",110887,"Warning","Policy_Violation","Anomalous",157328181,90198456,23952,22943,4,FALSE,FALSE,166491471,24.39834,"Malicious"
"11725",293952,"Warning","ThreatDetected","Anomalous",163769131,103071905,26604,25758,4,FALSE,FALSE,158502234,24.62467,"Malicious"
"15515",386273,"Warning","Policy_Violation","Suspicious",122654862,104000901,28142,16462,7,TRUE,FALSE,149254723,36.10762,"Malicious"
"19817",495633,"Warning","PolicyViolation","Suspicious",150665875,96626344,27427,26861,6,TRUE,FALSE,191632042,19.46021,"Malicious"
"3993",102259,"Warning","Policy_Violation","Anomalous",123812766,117068042,27660,30555,5,FALSE,FALSE,157620434,26.53421,"Malicious"
"18265",456222,"Warning","PolicyViolation","Suspicious",191191098,112941002,31694,24042,4,TRUE,FALSE,164397146,34.85354,"Malicious"
"6084",153378,"Warning","PolicyViolation","Anomalous",105711215,122849239,28942,32985,6,TRUE,TRUE,96806294,24.92876,"Malicious"
"12678",318317,"Warning","PolicyViolation","Suspicious",173690724,76430883,26548,43665,6,TRUE,FALSE,185437141,26.88581,"Malicious"
"22155",554148,"Warning","PolicyViolation","Suspicious",132127564,84565896,26436,29882,7,TRUE,FALSE,94148248,15.67114,"Malicious"
"9557",239115,"Warning","PolicyViolation","Suspicious",141024824,101651794,27884,NA,6,TRUE,FALSE,143107672,22.47278,"Malicious"
"8500",212070,"Warning","PolicyViolation","Anomalous",115365157,98771413,20772,36697,4,FALSE,TRUE,135454064,31.95009,"Malicious"
"17981",448836,"Warning","PolicyViolation","Suspicious",194462695,75506650,26695,29015,5,FALSE,FALSE,134913132,27.26068,"Malicious"
"22314",557645,"Warning","Policy_Violation","Suspicious",184111847,72530237,23880,31062,4,TRUE,FALSE,162397481,29.19401,"Malicious"
"21352",533334,"Warning","NormalOperation","Anomalous",110489320,91773666,24602,40034,6,TRUE,FALSE,75701897,28.51999,"Malicious"
"21278",531252,"Alert","PolicyViolation","Suspicious",123397353,119694809,29212,20787,6,FALSE,FALSE,183135712,32.27725,"Malicious"
"786",20082,"Warning","NormalOperation","Anomalous",103184672,106293933,26282,30365,6,FALSE,TRUE,167972989,30.65682,"Malicious"
"4604",117305,"Warning","Policy_Violation","Suspicious",108091093,96386030,27169,41925,7,TRUE,FALSE,116685913,28.28696,"Malicious"
"8403",209881,"Warning","PolicyViolation","Suspicious",159776895,89305035,28831,19831,6,FALSE,FALSE,193387567,35.70187,"Malicious"
"7287",182693,"Warning","Policy_Violation","Anomalous",138177877,99133795,23412,30638,4,TRUE,FALSE,110282935,24.56574,"Malicious"
"16110",401470,"Warning","PolicyViolation","Anomalous",124545943,108852989,24623,31136,5,TRUE,FALSE,178442673,33.53059,"Malicious"
"18307",457064,"Warning","PolicyViolation","Suspicious",161447253,103953048,28872,26815,5,TRUE,FALSE,120717166,38.99926,"Malicious"
"18322",457500,"Warning","PolicyViolation","Suspicious",209937036,87090883,27542,34061,4,TRUE,FALSE,115848320,34.82522,"Malicious"
"3294",83839,"Warning","Policy_Violation","Suspicious",190033311,70710043,23239,30600,4,TRUE,FALSE,140576063,28.44082,"Malicious"
"1138",28467,"Warning","Policy_Violation","Suspicious",116632628,110185652,28562,33600,6,TRUE,FALSE,155451743,NA,"Malicious"
"14902",371052,"Warning","Policy_Violation","Anomalous",131613562,92322201,24601,21361,5,TRUE,FALSE,162396122,24.28522,"Malicious"
"1315",33079,"Warning","Policy_Violation","Suspicious",167373421,122347975,31961,33302,5,FALSE,FALSE,188449767,26.48567,"Malicious"
"4427",113037,"Warning","Policy_Violation","Elevated",189071767,126890018,37477,33626,6,TRUE,FALSE,125806885,33.33269,"Malicious"
"21145",527996,"Warning","Policy_Violation","Suspicious",173739555,99650109,28708,41682,5,FALSE,FALSE,141204559,31.65668,"Malicious"
"13264",332308,"Informational","PolicyViolation","Anomalous",133765009,119308833,27414,17513,5,TRUE,FALSE,120940634,36.31553,"Malicious"
"14717",365977,"Warning","PolicyViolation","Suspicious",144199884,106288644,28960,35188,6,FALSE,FALSE,158214778,25.99729,"Malicious"
"9296",232831,"Warning","PolicyViolation","Anomalous",134211901,81787888,21953,27246,5,FALSE,FALSE,214850212,NA,"Malicious"
"14119",352390,"Warning","Policy_Violation","Suspicious",181365159,83920694,24335,41259,4,TRUE,FALSE,147750427,27.04483,"Malicious"
"18647",465870,"Warning","Policy_Violation","Elevated",220601453,107739990,35732,36768,6,TRUE,FALSE,155012473,31.28046,"Malicious"
"14647",364291,"Warning","NormalOperation","Anomalous",136563770,92954760,23511,33441,5,FALSE,FALSE,102284604,NA,"Malicious"
"7632",190944,"Informational","PolicyViolation","Suspicious",162509589,111059033,30358,24327,5,TRUE,FALSE,183511048,20.58945,"Malicious"
"10503",262842,"Warning","PolicyViolation","Anomalous",140398041,76733687,23343,29897,6,TRUE,FALSE,209521617,26.30942,"Malicious"
"13742",343287,"Warning","PolicyViolation","Suspicious",159001920,82092066,25361,27598,5,FALSE,FALSE,148075244,30.77369,"Malicious"
"20987",524102,"Warning","NormalOperation","Suspicious",140502687,91056774,25065,28453,5,TRUE,FALSE,180608183,30.30169,"Malicious"
"13535",338666,"Warning","Policy_Violation","Anomalous",144844863,74039005,22431,37533,5,FALSE,FALSE,137667669,35.70567,"Malicious"
"15278",380783,"Warning","Policy_Violation","Suspicious",198758054,96069153,28570,37828,4,FALSE,FALSE,128841776,28.53325,"Malicious"
"2526",63957,"Warning","PolicyViolation","Anomalous",138570634,133507127,29038,35330,4,FALSE,FALSE,175477625,28.4835,"Malicious"
"8017",200063,"Warning","PolicyViolation","Anomalous",172576715,76766430,22248,37527,4,FALSE,FALSE,161316328,43.61359,"Malicious"
"13775",344231,"Informational","PolicyViolation","Suspicious",153106065,75459019,25595,33728,6,TRUE,FALSE,187019985,27.84696,"Malicious"
"5040",128445,"Warning","Policy_Violation","Anomalous",128706319,101812940,24477,35775,5,FALSE,FALSE,175398684,NA,"Malicious"
"11688",293016,"Warning","PolicyViolation","Anomalous",94667995,95620170,22474,34586,6,TRUE,TRUE,133100814,32.24969,"Malicious"
"8922",223332,"Warning","PolicyViolation","Suspicious",176451826,99779336,29821,29731,5,FALSE,FALSE,203541745,19.42842,"Malicious"
"18060",450894,"Warning","PolicyViolation","Suspicious",161330330,92627264,26365,44996,5,TRUE,FALSE,148735827,38.27783,"Malicious"
"3549",90176,"Warning","Policy_Violation","Anomalous",83587601,106619726,24486,NA,6,TRUE,TRUE,205756144,26.05557,"Malicious"
"22504",563209,"Informational","Policy_Violation","Anomalous",170665890,65827145,19543,31961,4,TRUE,FALSE,122223917,31.62806,"Malicious"
"7292",182884,"Warning","Policy_Violation","Suspicious",195249164,114855166,31950,35922,4,TRUE,FALSE,176070004,33.68274,"Malicious"
"16825",420339,"Warning","PolicyViolation","Suspicious",165091367,70407536,24572,31020,6,TRUE,FALSE,202100974,30.00622,"Malicious"
"9336",233698,"Warning","PolicyViolation","Anomalous",151053522,68536664,20840,36232,5,TRUE,FALSE,136222346,24.40209,"Malicious"
"71",1856,"Alert","PolicyViolation","Anomalous",152278560,84968597,20892,23189,4,TRUE,FALSE,136830254,17.26876,"Malicious"
"3232",82501,"Warning","PolicyViolation","Anomalous",87211643,121128040,26180,34317,6,TRUE,TRUE,132065792,NA,"Malicious"
"2385",60678,"Warning","PolicyViolation","Anomalous",118704315,115050089,28052,NA,6,TRUE,FALSE,108661088,33.6743,"Malicious"
"5339",135519,"Warning","PolicyViolation","Anomalous",147989189,104678345,26581,41082,5,TRUE,FALSE,179064924,31.2925,"Malicious"
"16032",399361,"Warning","PolicyViolation","Suspicious",180793963,105310670,30743,35854,5,TRUE,FALSE,95344378,27.59094,"Malicious"
"14287",356100,"Warning","Policy_Violation","Suspicious",166452176,100255694,30702,24647,6,FALSE,FALSE,207893130,41.0956,"Malicious"
"20381",509464,"Warning","PolicyViolation","Suspicious",149695953,78863971,27941,31558,7,TRUE,FALSE,144991697,30.19843,"Malicious"
"14097",352033,"Warning","NormalOperation","Anomalous",127823816,69834912,21091,NA,6,TRUE,FALSE,163899634,25.6472,"Malicious"
"7689",192229,"Warning","Policy_Violation","Anomalous",121422849,118318393,24563,35090,4,FALSE,TRUE,152182557,21.62107,"Malicious"
"9435",236104,"Warning","PolicyViolation","Elevated",127245220,210857577,46216,32338,6,FALSE,FALSE,169113795,35.51502,"Malicious"
"7263",182140,"Informational","PolicyViolation","Anomalous",143415546,104145049,26298,26992,5,TRUE,FALSE,162112511,37.29953,"Malicious"
"14087",351753,"Alert","PolicyViolation","Critical",80054165,103550205,19518,24523,4,FALSE,TRUE,143890454,32.61772,"Malicious"
"6922",174086,"Warning","PolicyViolation","Suspicious",169513807,84661164,24510,33947,4,TRUE,FALSE,170924623,NA,"Malicious"
"801",20438,"Informational","PolicyViolation","Anomalous",100412420,100839742,22500,27024,5,FALSE,TRUE,127896752,41.6017,"Malicious"
"9291",232771,"Warning","Policy_Violation","Anomalous",180137378,77124058,22987,36946,4,TRUE,FALSE,203329400,40.85893,"Malicious"
"13596",339987,"Warning","Policy_Violation","Suspicious",227074079,74133190,27242,30596,4,TRUE,FALSE,213421700,27.86609,"Malicious"
"15358",382631,"Alert","PolicyViolation","Anomalous",204234607,70069660,21069,30981,2,TRUE,FALSE,148753473,34.33082,"Malicious"
"15243",379984,"Warning","PolicyViolation","Anomalous",99644119,118418990,25957,32457,5,FALSE,TRUE,162367628,25.34408,"Malicious"
"10830",271678,"Warning","NormalOperation","Anomalous",164705932,59541405,21023,41607,5,TRUE,FALSE,102685962,26.36125,"Malicious"
"8082",201687,"Warning","PolicyViolation","Anomalous",137382071,87776966,24475,33951,5,FALSE,FALSE,155875016,NA,"Malicious"
"19483",487914,"Warning","PolicyViolation","Anomalous",137960195,90531075,20745,21931,4,FALSE,FALSE,143086535,36.07828,"Malicious"
"20635",515721,"Warning","PolicyViolation","Anomalous",151277042,108312781,23929,33953,3,FALSE,FALSE,139840102,30.24442,"Malicious"
"19678",492610,"Warning","PolicyViolation","Critical",132435532,104430256,23748,33119,5,FALSE,FALSE,126196217,33.00532,"Malicious"
"6580",166037,"Warning","PolicyViolation","Anomalous",126637351,108440284,25484,35317,5,TRUE,FALSE,132120133,25.88323,"Malicious"
"21712",542676,"Warning","PolicyViolation","Suspicious",199683438,72996435,27090,23789,5,TRUE,FALSE,175457984,43.41949,"Malicious"
"15705",390872,"Warning","PolicyViolation","Suspicious",116479474,119160423,33067,43874,8,FALSE,FALSE,161402404,19.86401,"Malicious"
"8637",216049,"Warning","NormalOperation","Anomalous",96278634,113815424,25180,27795,6,FALSE,TRUE,211574513,NA,"Malicious"
"21074",526155,"Informational","PolicyViolation","Suspicious",137291949,100166350,27629,14345,6,FALSE,FALSE,162521366,28.74118,"Malicious"
"14497",360760,"Warning","Policy_Violation","Anomalous",154004992,95765858,25057,33523,4,TRUE,FALSE,149407813,NA,"Malicious"
"12320",309051,"Warning","NormalOperation","Suspicious",127893992,110650635,29262,32051,6,TRUE,FALSE,181266602,33.99014,"Malicious"
"4933",125492,"Warning","PolicyViolation","Suspicious",138543259,110850925,30811,32040,7,TRUE,FALSE,76391686,37.05197,"Malicious"
"12213",306549,"Warning","PolicyViolation","Anomalous",114118556,87816935,23870,37030,6,TRUE,FALSE,170548589,38.62307,"Malicious"
"20316",507978,"Warning","PolicyViolation","Suspicious",137820404,117116950,32387,37718,7,TRUE,FALSE,153078311,28.25096,"Malicious"
"11465",287999,"Warning","PolicyViolation","Suspicious",212377817,59771529,24572,17394,5,TRUE,FALSE,86103700,18.1706,"Malicious"
"12353",309847,"Warning","PolicyViolation","Suspicious",94945091,124658592,30893,41181,7,FALSE,FALSE,104085701,34.9801,"Malicious"
"2335",58942,"Warning","PolicyViolation","Anomalous",116148433,124297204,27539,32532,5,FALSE,TRUE,168054236,25.87209,"Malicious"
"14894",370861,"Warning","PolicyViolation","Suspicious",150667990,104854993,27739,26147,5,FALSE,FALSE,121774252,31.67775,"Malicious"
"9790",245236,"Warning","PolicyViolation","Critical",104513587,91711608,19505,19978,4,TRUE,TRUE,100786566,22.91266,"Malicious"
"15673",390163,"Warning","PolicyViolation","Anomalous",121518099,116185558,25503,37120,5,TRUE,FALSE,147930733,NA,"Malicious"
"15444",384758,"Warning","Policy_Violation","Suspicious",142368431,93417337,28202,29571,7,FALSE,FALSE,125169770,27.22679,"Malicious"
"4846",123384,"Alert","PolicyViolation","Suspicious",149186670,88724694,28184,21268,6,TRUE,FALSE,166650742,30.66772,"Malicious"
"5906",149353,"Warning","Policy_Violation","Suspicious",150957856,94059510,26939,22051,6,TRUE,FALSE,122364112,NA,"Malicious"
"10924",273936,"Warning","ThreatDetected","Anomalous",130050732,120376193,27000,42978,4,FALSE,FALSE,177737360,31.31077,"Malicious"
"18506",462336,"Warning","NormalOperation","Anomalous",146458197,67416543,21989,37151,6,TRUE,FALSE,180776589,NA,"Malicious"
"5549",140913,"Alert","PolicyViolation","Suspicious",191012654,88898837,25288,36459,4,TRUE,FALSE,197058443,42.20672,"Malicious"
"14199",354004,"Warning","PolicyViolation","Anomalous",131661246,87764492,22242,50252,5,TRUE,FALSE,194964163,37.26834,"Malicious"
"507",12945,"Alert","PolicyViolation","Suspicious",128419859,106612561,30001,51285,7,FALSE,FALSE,182285107,32.99152,"Malicious"
"1638",41574,"Warning","NormalOperation","Suspicious",144708403,70439504,25039,40295,7,TRUE,FALSE,135072281,NA,"Malicious"
"22721",568296,"Warning","PolicyViolation","Suspicious",111907549,135370166,32557,32655,7,TRUE,FALSE,212921838,29.50488,"Malicious"
"14947",372194,"Warning","PolicyViolation","Elevated",219787163,79995024,31427,41830,6,TRUE,FALSE,135831004,25.65694,"Malicious"
"7658",191602,"Warning","NormalOperation","Suspicious",120847305,105996237,33143,37809,9,TRUE,FALSE,113729646,16.12285,"Malicious"
"19325",483789,"Warning","PolicyViolation","Anomalous",120135889,97191424,24684,29678,6,FALSE,FALSE,161913949,29.97527,"Malicious"
"12439",311724,"Warning","PolicyViolation","Suspicious",170609131,117673462,31043,30985,5,TRUE,FALSE,146991484,35.84715,"Malicious"
"22063",551563,"Warning","PolicyViolation","Suspicious",172537247,93570181,27402,42957,5,FALSE,FALSE,136744884,36.70377,"Malicious"
"16075",400568,"Warning","PolicyViolation","Critical",126533027,79881911,17435,41548,4,FALSE,TRUE,167096610,22.42528,"Malicious"
"2857",72817,"Warning","PolicyViolation","Suspicious",167996525,99059707,31758,35849,6,TRUE,FALSE,167324277,21.50773,"Malicious"
"17870",445789,"Warning","Policy_Violation","Anomalous",91930925,125814133,29561,36505,7,TRUE,TRUE,153533139,30.23791,"Malicious"
"21182",528918,"Warning","PolicyViolation","Anomalous",154690384,66515999,22256,39342,5,TRUE,FALSE,223987846,23.76825,"Malicious"
"1915",48451,"Warning","Policy_Violation","Critical",68637008,114832670,21592,31459,5,TRUE,TRUE,126215483,15.31288,"Malicious"
"8259",206409,"Warning","Policy_Violation","Suspicious",122287743,111215558,28565,22160,6,TRUE,FALSE,145582895,23.64033,"Malicious"
"8197",204676,"Warning","ThreatDetected","Suspicious",130659161,100575445,28090,39065,7,TRUE,FALSE,70814504,40.9871,"Malicious"
"18030",450059,"Warning","PolicyViolation","Anomalous",150218807,88462690,24881,37400,5,FALSE,FALSE,135853601,30.49574,"Malicious"
"7928",198219,"Warning","PolicyViolation","Suspicious",182382598,60431660,22487,25025,5,TRUE,FALSE,187319463,33.13645,"Malicious"
"7410",185696,"Warning","Policy_Violation","Suspicious",132420836,112658097,28656,30402,6,TRUE,FALSE,173873049,28.32639,"Malicious"
"14766",367579,"Warning","NormalOperation","Suspicious",144806392,96377057,28843,29078,6,TRUE,FALSE,144925102,43.94854,"Malicious"
"5208",132307,"Warning","PolicyViolation","Suspicious",186867920,78977022,27628,39154,5,TRUE,FALSE,160779252,32.60795,"Malicious"
"15304",381160,"Warning","Policy_Violation","Suspicious",147578632,86437241,25381,NA,6,TRUE,FALSE,172243618,25.21409,"Malicious"
"12837",322070,"Warning","NormalOperation","Anomalous",102682655,92645863,21731,25097,5,FALSE,TRUE,203745904,22.4373,"Malicious"
"20426",510744,"Warning","NormalOperation","Suspicious",174515471,98627159,28294,NA,5,TRUE,FALSE,154557826,NA,"Malicious"
"9986",250588,"Warning","Policy_Violation","Suspicious",171951782,93414879,25790,43446,4,TRUE,FALSE,127347208,NA,"Malicious"
"6048",152720,"Warning","PolicyViolation","Suspicious",172700570,79417694,24705,NA,5,TRUE,FALSE,159041684,31.95524,"Malicious"
"14226",354649,"Warning","PolicyViolation","Anomalous",96002014,117999535,26939,33996,6,FALSE,TRUE,77927678,31.84141,"Malicious"
"9203",229746,"Warning","PolicyViolation","Anomalous",76024289,129987051,29451,33088,7,TRUE,TRUE,160969570,31.95737,"Malicious"
"7141",179276,"Warning","NormalOperation","Critical",101786456,89066917,19530,37481,5,FALSE,TRUE,169308446,25.43346,"Malicious"
"15046",374603,"Warning","PolicyViolation","Suspicious",153832498,121671714,30722,NA,5,FALSE,FALSE,161882959,18.27747,"Malicious"
"15984",398095,"Warning","PolicyViolation","Elevated",162360772,106280410,33859,29009,7,FALSE,FALSE,171385786,16.85902,"Malicious"
"11423",286900,"Warning","PolicyViolation","Anomalous",182159300,67519148,22339,37125,4,TRUE,FALSE,200287485,33.51981,"Malicious"
"16741",418489,"Warning","PolicyViolation","Anomalous",122902659,80647073,21830,41265,5,FALSE,FALSE,159182094,28.03609,"Malicious"
"1353",34133,"Warning","PolicyViolation","Suspicious",172164385,97520944,28748,44411,5,TRUE,FALSE,197184658,23.81885,"Malicious"
"22671",567067,"Alert","NormalOperation","Anomalous",117908148,79597183,21641,39566,6,TRUE,FALSE,192465242,NA,"Malicious"
"16183",403948,"Warning","PolicyViolation","Anomalous",86087481,76075453,19843,34195,7,FALSE,TRUE,81057718,25.41788,"Malicious"
"11416",286689,"Informational","PolicyViolation","Suspicious",181745432,99756911,29494,35688,5,TRUE,FALSE,157215848,32.75027,"Malicious"
"6203",156426,"Warning","Policy_Violation","Anomalous",134962468,95837786,22034,33146,4,TRUE,FALSE,158924429,36.89705,"Malicious"
"5017",127804,"Warning","PolicyViolation","Suspicious",150845806,72940381,24887,36484,6,FALSE,FALSE,159861316,25.68472,"Malicious"
"9148",228262,"Informational","PolicyViolation","Suspicious",101834730,110099522,29527,45426,7,FALSE,FALSE,165458661,40.27218,"Malicious"
"12331",309387,"Warning","PolicyViolation","Suspicious",195171360,55319360,23699,46560,5,FALSE,FALSE,106156959,29.58374,"Malicious"
"4310",110142,"Alert","NormalOperation","Suspicious",136417011,102749974,27602,31571,6,FALSE,FALSE,172072220,21.71516,"Malicious"
"16743",418505,"Warning","PolicyViolation","Suspicious",220270959,67651033,25965,36717,4,FALSE,FALSE,171457734,28.55991,"Malicious"
"16249",405696,"Warning","Policy_Violation","Anomalous",102666884,115078269,26959,28005,6,FALSE,TRUE,109245228,27.66418,"Malicious"
"13280",332756,"Warning","PolicyViolation","Anomalous",117932851,124071164,28045,NA,5,FALSE,TRUE,186333710,33.48012,"Malicious"
"20550",513511,"Warning","PolicyViolation","Anomalous",146518288,100454487,26230,38659,5,TRUE,FALSE,128545541,24.84465,"Malicious"
"7876",197163,"Warning","PolicyViolation","Anomalous",152417147,57560560,20454,29796,5,TRUE,FALSE,180526067,27.16017,"Malicious"
"13579",339445,"Warning","Policy_Violation","Suspicious",159868447,76428362,25828,31641,6,TRUE,FALSE,181989388,30.23746,"Malicious"
"4551",115819,"Warning","ThreatDetected","Suspicious",185279673,83874317,30944,32103,7,TRUE,FALSE,210106964,28.82525,"Malicious"
"13457",336757,"Warning","PolicyViolation","Anomalous",130973402,91444874,23120,38028,5,TRUE,FALSE,88994414,32.48818,"Malicious"
"8414",210116,"Alert","PolicyViolation","Suspicious",144489156,121974045,33123,34420,6,TRUE,FALSE,183950248,28.42073,"Malicious"
"9333",233634,"Informational","Policy_Violation","Anomalous",97100265,116675656,28390,43974,7,FALSE,FALSE,132920514,29.0215,"Malicious"
"2044",51737,"Warning","Policy_Violation","Anomalous",98113849,109926288,24102,35848,5,FALSE,TRUE,176394813,24.77879,"Malicious"
"426",10991,"Warning","Policy_Violation","Suspicious",148642980,90853721,26337,31854,6,FALSE,FALSE,133833419,29.86006,"Malicious"
"5071",129088,"Warning","PolicyViolation","Suspicious",218842998,58932973,23850,37510,4,FALSE,FALSE,132630897,35.06137,"Malicious"
"13622",340558,"Warning","PolicyViolation","Anomalous",129741467,68947613,18973,31692,5,FALSE,FALSE,201335303,33.89384,"Malicious"
"7216",181022,"Warning","PolicyViolation","Suspicious",138746490,104829342,31477,45344,7,FALSE,FALSE,125336475,33.53454,"Malicious"
"12272",307694,"Alert","PolicyViolation","Anomalous",133898742,95449530,25052,33007,5,FALSE,FALSE,78675630,26.65428,"Malicious"
"16933",423061,"Warning","PolicyViolation","Anomalous",105421069,121669638,28289,35161,6,TRUE,TRUE,133812610,20.44299,"Malicious"
"2310",58299,"Warning","NormalOperation","Anomalous",81378653,143378295,29292,34157,6,TRUE,TRUE,136923831,24.33064,"Malicious"
"5847",148048,"Warning","Policy_Violation","Anomalous",134494531,96123101,21604,44481,4,FALSE,TRUE,139268776,31.26551,"Malicious"
"19273",482521,"Warning","PolicyViolation","Anomalous",108993230,111990459,27551,17645,6,TRUE,TRUE,154250380,24.60651,"Malicious"
"9915",248815,"Warning","PolicyViolation","Suspicious",154242893,89639179,25054,32213,5,TRUE,FALSE,196389355,33.47636,"Malicious"
"10787",270577,"Warning","Policy_Violation","Anomalous",108551144,118916497,27007,21168,5,TRUE,TRUE,181878097,35.77776,"Malicious"
"20703",517315,"Warning","PolicyViolation","Suspicious",145111041,137463647,31450,24688,5,TRUE,FALSE,157158752,31.25615,"Malicious"
"7940",198421,"Warning","PolicyViolation","Anomalous",146183076,95074127,24702,33785,5,FALSE,FALSE,146186279,24.87791,"Malicious"
"8333",208186,"Warning","PolicyViolation","Suspicious",172772865,102079815,27784,29612,4,FALSE,FALSE,182325368,33.63246,"Malicious"
"2415",61327,"Warning","NormalOperation","Suspicious",94571926,122560529,32007,32042,8,FALSE,FALSE,183170386,37.7624,"Malicious"
"8364",208860,"Warning","Policy_Violation","Suspicious",131344398,117399261,32497,35758,7,TRUE,FALSE,182311837,NA,"Malicious"
"2754",70044,"Warning","Policy_Violation","Anomalous",160795982,96604642,23275,39040,3,TRUE,FALSE,173686351,31.40646,"Malicious"
"9186",229279,"Warning","PolicyViolation","Suspicious",183112554,91238401,26854,49314,4,TRUE,FALSE,181387562,31.18664,"Malicious"
"18478",461677,"Warning","PolicyViolation","Anomalous",87523037,101200631,24598,NA,7,TRUE,TRUE,144271561,35.87475,"Malicious"
"12659",317996,"Warning","PolicyViolation","Suspicious",122381980,136823316,34378,38363,7,FALSE,FALSE,124751624,42.21477,"Malicious"
"8518",212597,"Warning","PolicyViolation","Suspicious",184953423,84629297,28735,30912,6,FALSE,FALSE,123233581,28.92945,"Malicious"
"10468",262139,"Warning","ThreatDetected","Anomalous",82157327,148008544,31404,23408,6,FALSE,TRUE,125591889,32.00605,"Malicious"
"4826",122723,"Warning","PolicyViolation","Anomalous",138384501,66429228,17000,29820,4,FALSE,TRUE,178501155,26.33439,"Malicious"
"11634",292049,"Warning","PolicyViolation","Suspicious",140392121,117553171,34164,28934,7,TRUE,FALSE,199381623,NA,"Malicious"
"13449",336522,"Warning","NormalOperation","Suspicious",113561072,112839669,29489,40783,7,TRUE,FALSE,121833408,28.41331,"Malicious"
"5431",138050,"Warning","PolicyViolation","Anomalous",92160271,99848392,24440,37635,7,TRUE,TRUE,150240609,30.41587,"Malicious"
"16326",407801,"Informational","NormalOperation","Anomalous",129545506,76823440,21019,29434,5,FALSE,FALSE,97095577,29.07019,"Malicious"
"21395",534356,"Warning","PolicyViolation","Suspicious",135414207,106214101,28845,39821,6,TRUE,FALSE,103639911,24.04242,"Malicious"
"3236",82623,"Warning","Policy_Violation","Suspicious",164518173,120028125,32916,NA,6,TRUE,FALSE,239969075,22.22158,"Malicious"
"799",20400,"Warning","Policy_Violation","Anomalous",131835598,87400048,21119,30012,4,FALSE,TRUE,208950450,26.7696,"Malicious"
"10727",268855,"Warning","ThreatDetected","Anomalous",125384191,113354104,27646,35695,5,FALSE,FALSE,165783644,34.59489,"Malicious"
"6944",174563,"Warning","PolicyViolation","Suspicious",155293351,121754329,34041,NA,6,FALSE,FALSE,211457875,32.66653,"Malicious"
"1319",33164,"Warning","PolicyViolation","Suspicious",145911601,93244682,27816,36882,6,FALSE,FALSE,134536270,29.27298,"Malicious"
"9936",249422,"Informational","Policy_Violation","Suspicious",183411508,102843977,29152,36816,4,FALSE,FALSE,121712514,31.00025,"Malicious"
"21179",528854,"Warning","ThreatDetected","Suspicious",151195355,100873213,27268,29595,5,FALSE,FALSE,173549954,35.288,"Malicious"
"5988",151390,"Warning","Policy_Violation","Anomalous",121060158,121350837,26919,37003,5,TRUE,TRUE,174548742,42.69999,"Malicious"
"16941",423263,"Warning","Policy_Violation","Suspicious",186428139,99005039,27590,NA,4,TRUE,FALSE,123302413,23.91768,"Malicious"
"3442",87370,"Warning","Policy_Violation","Anomalous",95371246,136312281,28425,29809,5,TRUE,TRUE,182338660,30.68216,"Malicious"
"13644",340898,"Warning","Policy_Violation","Anomalous",150459556,85026632,24631,20972,5,FALSE,FALSE,218766072,24.3938,"Malicious"
"21389",534264,"Warning","PolicyViolation","Anomalous",171690606,80651070,22250,24183,4,FALSE,FALSE,221479092,29.69992,"Malicious"
"5373",136433,"Warning","Policy_Violation","Anomalous",173606128,87958514,24277,29422,4,FALSE,FALSE,182436243,27.22328,"Malicious"
"9467",236992,"Warning","PolicyViolation","Anomalous",189997629,65297463,21951,35352,4,TRUE,FALSE,165621780,22.49438,"Malicious"
"3752",95779,"Informational","PolicyViolation","Suspicious",150459788,87614391,26385,37350,6,FALSE,FALSE,150087457,25.04955,"Malicious"
"742",19124,"Warning","PolicyViolation","Suspicious",121398512,118982640,30795,30398,7,TRUE,FALSE,194364645,24.39139,"Malicious"
"6514",164168,"Warning","PolicyViolation","Suspicious",104213688,111337028,30725,23124,8,TRUE,FALSE,133197763,20.52203,"Malicious"
"2661",67987,"Warning","PolicyViolation","Critical",82130537,124119199,21875,NA,4,FALSE,TRUE,211727830,24.82375,"Malicious"
"12637",317566,"Warning","PolicyViolation","Suspicious",164249718,106397277,27971,46153,5,TRUE,FALSE,192429638,NA,"Malicious"
"10776",270247,"Warning","Policy_Violation","Anomalous",111144257,94516803,24524,26027,6,TRUE,FALSE,184196357,35.20367,"Malicious"
"11140",279264,"Warning","PolicyViolation","Suspicious",144424953,99158704,28733,NA,6,FALSE,FALSE,210431860,32.94864,"Malicious"
"6862",172762,"Warning","PolicyViolation","Suspicious",182835362,95291006,30939,43614,6,FALSE,FALSE,154599680,36.20155,"Malicious"
"21452",535927,"Warning","Policy_Violation","Suspicious",182847962,76277532,25005,32270,5,TRUE,FALSE,148604827,37.45188,"Malicious"
"22159",554233,"Informational","Policy_Violation","Suspicious",248277932,55993334,25949,27613,4,FALSE,FALSE,66336830,25.48968,"Malicious"
"16410",409941,"Warning","Policy_Violation","Anomalous",158679694,87860579,22175,32534,3,FALSE,FALSE,100897650,28.23352,"Malicious"
"3323",84569,"Warning","PolicyViolation","Suspicious",192303492,95104439,28919,32844,5,FALSE,FALSE,102169736,NA,"Malicious"
"9442",236246,"Warning","PolicyViolation","Anomalous",132418476,90054977,21317,33685,4,FALSE,FALSE,105279152,34.65505,"Malicious"
"4619",117577,"Warning","PolicyViolation","Anomalous",133819669,96208580,21121,38138,3,TRUE,TRUE,173115049,24.09775,"Malicious"
"18132",452960,"Warning","PolicyViolation","Suspicious",134213547,139723723,33495,36098,6,TRUE,FALSE,123647394,24.68537,"Malicious"
"14250",355276,"Warning","ThreatDetected","Suspicious",167988969,111489446,30749,44250,5,TRUE,FALSE,153471080,NA,"Malicious"
"6212",156562,"Warning","Policy_Violation","Suspicious",153578032,77695501,24524,32391,5,FALSE,FALSE,179446812,30.35387,"Malicious"
"21732",543312,"Warning","PolicyViolation","Suspicious",118531445,99491406,28157,42530,7,FALSE,FALSE,126902210,NA,"Malicious"
"3817",97506,"Warning","PolicyViolation","Suspicious",182728234,82004355,25537,43170,4,TRUE,FALSE,125961414,26.5269,"Malicious"
"22463",562013,"Informational","Policy_Violation","Suspicious",139441639,106422645,29322,17121,6,TRUE,FALSE,123664844,25.57597,"Malicious"
"7209",180936,"Warning","Policy_Violation","Anomalous",111083904,88911755,25417,42016,7,TRUE,FALSE,100347301,36.29124,"Malicious"
"4834",122953,"Warning","PolicyViolation","Anomalous",178951177,46189018,20329,36870,5,TRUE,FALSE,220111888,34.13862,"Malicious"
"1386",34892,"Warning","PolicyViolation","Suspicious",162926895,99630820,32021,27125,7,FALSE,FALSE,187705903,26.4065,"Malicious"
"18494",462167,"Warning","PolicyViolation","Suspicious",244897425,65592880,23928,46280,3,FALSE,FALSE,196532049,32.90363,"Malicious"
"18685",466765,"Warning","PolicyViolation","Suspicious",157275475,74236741,25288,30645,6,TRUE,FALSE,183452014,35.60882,"Malicious"
"18966",474205,"Warning","NormalOperation","Critical",97567122,94864169,20062,16672,5,TRUE,TRUE,126651520,NA,"Malicious"
"19383",485199,"Warning","PolicyViolation","Suspicious",96799046,130546108,30522,32957,7,FALSE,TRUE,139951789,21.94512,"Malicious"
"11245",282144,"Warning","Policy_Violation","Suspicious",184914305,82537777,28064,44031,5,FALSE,FALSE,133845010,16.25218,"Malicious"
"13250",331938,"Warning","PolicyViolation","Suspicious",167126180,59719816,24970,32750,7,FALSE,FALSE,132336398,29.40939,"Malicious"
"9539",238770,"Warning","Policy_Violation","Anomalous",133923842,102723797,24637,36501,5,FALSE,FALSE,188556363,32.34895,"Malicious"
"12219",306748,"Warning","PolicyViolation","Suspicious",177259370,109724390,31466,36864,5,TRUE,FALSE,140715436,30.52741,"Malicious"
"15765",392568,"Informational","Policy_Violation","Suspicious",168527572,86028202,25377,43166,5,FALSE,FALSE,174553171,22.77251,"Malicious"
"6342",160064,"Warning","Policy_Violation","Suspicious",152091615,102336866,29416,47545,6,TRUE,FALSE,177584457,28.38848,"Malicious"
"1356",34216,"Informational","PolicyViolation","Anomalous",147458973,107552685,26563,26371,5,FALSE,FALSE,168357279,26.97327,"Malicious"
"892",22779,"Warning","PolicyViolation","Suspicious",113951483,114867992,32195,44171,8,TRUE,FALSE,191424413,27.87446,"Malicious"
"8569",213864,"Warning","PolicyViolation","Anomalous",120575226,81540255,23802,31398,6,TRUE,FALSE,192200849,40.05779,"Malicious"
"7649",191367,"Warning","Policy_Violation","Suspicious",168311806,89001782,25793,36480,5,FALSE,FALSE,133707056,19.95377,"Malicious"
"812",20723,"Warning","PolicyViolation","Suspicious",193818443,91700040,30424,38809,5,FALSE,FALSE,131877742,30.18794,"Malicious"
"6705",168923,"Warning","Policy_Violation","Suspicious",183008865,73196319,24038,34938,4,TRUE,FALSE,126213957,29.07054,"Malicious"
"16974",424207,"Warning","PolicyViolation","Anomalous",152164529,89906695,24016,32578,5,FALSE,FALSE,122306182,30.34403,"Malicious"
"530",13528,"Warning","PolicyViolation","Anomalous",154657274,84955004,22994,23073,4,FALSE,FALSE,106741891,31.58211,"Malicious"
"10264",257298,"Alert","PolicyViolation","Suspicious",172689251,81696107,27989,34777,6,FALSE,FALSE,140078727,32.03717,"Malicious"
"618",15624,"Warning","Policy_Violation","Suspicious",122691750,139281233,32183,47281,6,TRUE,FALSE,162555486,25.9026,"Malicious"
"20674",516584,"Warning","PolicyViolation","Suspicious",166517144,82611467,24793,38606,5,TRUE,FALSE,208516193,23.82722,"Malicious"
"14826",369126,"Warning","Policy_Violation","Suspicious",132523253,117577197,32929,26633,7,FALSE,FALSE,152901205,25.04885,"Malicious"
"15693",390565,"Warning","PolicyViolation","Suspicious",171326278,73182858,25760,47305,6,TRUE,FALSE,131329770,32.43336,"Malicious"
"13281",332881,"Informational","PolicyViolation","Suspicious",125699533,181641472,41352,27130,7,FALSE,FALSE,192033977,28.29792,"Malicious"
"7486",187444,"Warning","PolicyViolation","Suspicious",194867414,85986589,25909,34910,4,TRUE,FALSE,136600491,38.15826,"Malicious"
"22395",560554,"Warning","Policy_Violation","Suspicious",155397744,124569536,34584,34337,6,FALSE,FALSE,216517187,29.40499,"Malicious"
"4434",113185,"Warning","Policy_Violation","Suspicious",174738532,79664010,27312,37047,6,FALSE,FALSE,161529724,33.35044,"Malicious"
"3371",85673,"Informational","ThreatDetected","Anomalous",101213028,82135639,19737,34164,5,TRUE,TRUE,137847923,32.50739,"Malicious"
"1718",43408,"Warning","ThreatDetected","Anomalous",130175124,99688772,21914,30514,4,FALSE,FALSE,160618300,33.13367,"Malicious"
"20282",507017,"Warning","Policy_Violation","Anomalous",115157316,109363851,26941,35972,6,FALSE,FALSE,160897378,40.38427,"Malicious"
"21222",529853,"Warning","ThreatDetected","Elevated",171280192,98546898,32586,40942,7,FALSE,FALSE,117430963,26.24648,"Malicious"
"10907",273498,"Alert","NormalOperation","Anomalous",128513841,98811795,25242,44650,5,TRUE,FALSE,177170868,30.11725,"Malicious"
"4703",119441,"Warning","Policy_Violation","Anomalous",111253854,113043879,27201,24094,6,FALSE,FALSE,136006554,24.75865,"Malicious"
"795",20313,"Warning","Policy_Violation","Anomalous",115804218,101614690,23346,20848,5,TRUE,TRUE,113520264,33.31089,"Malicious"
"19304",483187,"Warning","PolicyViolation","Anomalous",118787486,94608760,23668,34036,5,TRUE,TRUE,161503145,29.8065,"Malicious"
"22548",564161,"Warning","PolicyViolation","Suspicious",144425961,117473714,31936,30462,6,TRUE,FALSE,127783949,38.07876,"Malicious"
"5441",138225,"Alert","PolicyViolation","Suspicious",114879208,138649731,31008,37421,5,FALSE,TRUE,169473407,31.08754,"Malicious"
